-- MySQL dump 10.13  Distrib 8.0.36, for macos14 (arm64)
--
-- Host: localhost    Database: darkvision_lpr
-- ------------------------------------------------------
-- Server version	8.0.36

/*!40101 SET @OLD_CHARACTER_SET_CLIENT=@@CHARACTER_SET_CLIENT */;
/*!40101 SET @OLD_CHARACTER_SET_RESULTS=@@CHARACTER_SET_RESULTS */;
/*!40101 SET @OLD_COLLATION_CONNECTION=@@COLLATION_CONNECTION */;
/*!50503 SET NAMES utf8mb4 */;
/*!40103 SET @OLD_TIME_ZONE=@@TIME_ZONE */;
/*!40103 SET TIME_ZONE='+00:00' */;
/*!40014 SET @OLD_UNIQUE_CHECKS=@@UNIQUE_CHECKS, UNIQUE_CHECKS=0 */;
/*!40014 SET @OLD_FOREIGN_KEY_CHECKS=@@FOREIGN_KEY_CHECKS, FOREIGN_KEY_CHECKS=0 */;
/*!40101 SET @OLD_SQL_MODE=@@SQL_MODE, SQL_MODE='NO_AUTO_VALUE_ON_ZERO' */;
/*!40111 SET @OLD_SQL_NOTES=@@SQL_NOTES, SQL_NOTES=0 */;

--
-- Table structure for table `admin_roles`
--

DROP TABLE IF EXISTS `admin_roles`;
/*!40101 SET @saved_cs_client     = @@character_set_client */;
/*!50503 SET character_set_client = utf8mb4 */;
CREATE TABLE `admin_roles` (
  `admin_user_id` bigint NOT NULL,
  `role_id` bigint NOT NULL,
  PRIMARY KEY (`admin_user_id`,`role_id`),
  KEY `role_id` (`role_id`),
  CONSTRAINT `admin_roles_ibfk_1` FOREIGN KEY (`admin_user_id`) REFERENCES `users` (`id`) ON DELETE CASCADE,
  CONSTRAINT `admin_roles_ibfk_2` FOREIGN KEY (`role_id`) REFERENCES `roles` (`id`) ON DELETE CASCADE
) ENGINE=InnoDB DEFAULT CHARSET=utf8mb4 COLLATE=utf8mb4_0900_ai_ci COMMENT='管理员-角色关联';
/*!40101 SET character_set_client = @saved_cs_client */;

--
-- Dumping data for table `admin_roles`
--

LOCK TABLES `admin_roles` WRITE;
/*!40000 ALTER TABLE `admin_roles` DISABLE KEYS */;
INSERT INTO `admin_roles` VALUES (5,1);
/*!40000 ALTER TABLE `admin_roles` ENABLE KEYS */;
UNLOCK TABLES;

--
-- Table structure for table `ai_command_records`
--

DROP TABLE IF EXISTS `ai_command_records`;
/*!40101 SET @saved_cs_client     = @@character_set_client */;
/*!50503 SET character_set_client = utf8mb4 */;
CREATE TABLE `ai_command_records` (
  `id` int NOT NULL AUTO_INCREMENT,
  `user_id` int NOT NULL,
  `original_command` text CHARACTER SET utf8mb4 COLLATE utf8mb4_unicode_ci NOT NULL,
  `current_route` varchar(255) CHARACTER SET utf8mb4 COLLATE utf8mb4_unicode_ci DEFAULT NULL,
  `parse_success` tinyint(1) DEFAULT NULL,
  `provider` varchar(50) CHARACTER SET utf8mb4 COLLATE utf8mb4_unicode_ci DEFAULT NULL,
  `model` varchar(50) CHARACTER SET utf8mb4 COLLATE utf8mb4_unicode_ci DEFAULT NULL,
  `explanation` text CHARACTER SET utf8mb4 COLLATE utf8mb4_unicode_ci,
  `function_name` varchar(100) CHARACTER SET utf8mb4 COLLATE utf8mb4_unicode_ci DEFAULT NULL,
  `function_arguments` text CHARACTER SET utf8mb4 COLLATE utf8mb4_unicode_ci,
  `confidence` float DEFAULT NULL,
  `execute_status` varchar(20) CHARACTER SET utf8mb4 COLLATE utf8mb4_unicode_ci DEFAULT NULL,
  `execute_result` text CHARACTER SET utf8mb4 COLLATE utf8mb4_unicode_ci,
  `execute_error_message` text CHARACTER SET utf8mb4 COLLATE utf8mb4_unicode_ci,
  `execution_time` float DEFAULT NULL,
  `is_dangerous` tinyint(1) DEFAULT '0',
  `requires_confirmation` tinyint(1) DEFAULT NULL,
  `user_confirmed` tinyint(1) DEFAULT NULL,
  `input_tokens` int DEFAULT NULL,
  `output_tokens` int DEFAULT NULL,
  `total_tokens` int DEFAULT NULL,
  `ip_address` varchar(50) CHARACTER SET utf8mb4 COLLATE utf8mb4_unicode_ci DEFAULT NULL,
  `user_agent` text CHARACTER SET utf8mb4 COLLATE utf8mb4_unicode_ci,
  `create_time` datetime DEFAULT CURRENT_TIMESTAMP,
  `update_time` datetime DEFAULT CURRENT_TIMESTAMP,
  `remark` varchar(255) CHARACTER SET utf8mb4 COLLATE utf8mb4_unicode_ci DEFAULT NULL,
  PRIMARY KEY (`id`),
  KEY `ix_ai_command_records_id` (`id`),
  KEY `ix_ai_command_records_user_id` (`user_id`)
) ENGINE=InnoDB AUTO_INCREMENT=13 DEFAULT CHARSET=utf8mb4 COLLATE=utf8mb4_unicode_ci;
/*!40101 SET character_set_client = @saved_cs_client */;

--
-- Dumping data for table `ai_command_records`
--

LOCK TABLES `ai_command_records` WRITE;
/*!40000 ALTER TABLE `ai_command_records` DISABLE KEYS */;
INSERT INTO `ai_command_records` VALUES (1,5,'获取姓名为张三的用户信息',NULL,1,NULL,NULL,'我理解您想：获取姓名为张三的用户信息。但我还在学习如何更准确地执行这个操作。',NULL,NULL,NULL,'pending',NULL,NULL,NULL,0,0,0,0,0,0,NULL,NULL,'2026-01-09 05:34:57','2026-01-09 05:34:57',NULL),(2,5,'获取姓名为张三的用户信息',NULL,1,NULL,NULL,'我理解您想：获取姓名为张三的用户信息。但我还在学习如何更准确地执行这个操作。',NULL,NULL,NULL,'pending',NULL,NULL,NULL,0,0,0,0,0,0,NULL,NULL,'2026-01-09 05:36:12','2026-01-09 05:36:12',NULL),(3,5,'获取姓名为张三的用户信息',NULL,1,NULL,NULL,'我理解您想：获取姓名为张三的用户信息。但我还在学习如何更准确地执行这个操作。',NULL,NULL,NULL,'pending',NULL,NULL,NULL,0,0,0,0,0,0,NULL,NULL,'2026-01-09 05:36:22','2026-01-09 05:36:22',NULL),(4,5,'获取姓名为张三的用户信息',NULL,1,'openai','gpt-3.5-turbo','我理解您想：获取姓名为张三的用户信息。但我还在学习如何更准确地执行这个操作。',NULL,NULL,NULL,'pending',NULL,NULL,NULL,0,0,0,0,0,0,NULL,NULL,'2026-01-09 05:45:39','2026-01-09 05:45:39',NULL),(5,5,'获取姓名为张三的用户信息',NULL,1,'openai','gpt-3.5-turbo','我理解您想：获取姓名为张三的用户信息。但我还在学习如何更准确地执行这个操作。',NULL,NULL,NULL,'pending',NULL,NULL,NULL,0,0,0,0,0,0,NULL,NULL,'2026-01-09 05:45:47','2026-01-09 05:45:47',NULL),(6,5,'获取姓名为张三的用户信息',NULL,1,'openai','gpt-3.5-turbo','我理解您想：获取姓名为张三的用户信息。但我还在学习如何更准确地执行这个操作。',NULL,NULL,NULL,'pending',NULL,NULL,NULL,0,0,0,0,0,0,NULL,NULL,'2026-01-09 05:46:35','2026-01-09 05:46:35',NULL),(7,5,'获取姓名为张三的用户信息',NULL,1,'openai','gpt-3.5-turbo','我理解您想：获取姓名为张三的用户信息。但我还在学习如何更准确地执行这个操作。',NULL,NULL,NULL,'pending',NULL,NULL,NULL,0,0,0,0,0,0,NULL,NULL,'2026-01-09 05:48:51','2026-01-09 05:48:51',NULL),(8,5,'跳转到第三方服务页面',NULL,1,'openai','gpt-3.5-turbo','我理解您想：跳转到第三方服务页面。但我还在学习如何更准确地执行这个操作。',NULL,NULL,NULL,'pending',NULL,NULL,NULL,0,0,0,0,0,0,NULL,NULL,'2026-01-09 05:52:28','2026-01-09 05:52:28',NULL),(9,5,'\"创建用户 手机号 13800001111 密码 123456\" -> 将实际在数据库创建用户。',NULL,1,'openai','gpt-3.5-turbo','准备为您创建新用户','createUser','{\"phone\": \"13800000000\", \"password\": \"password123\", \"nickname\": \"AI\\u521b\\u5efa\\u7528\\u6237\"}',NULL,'pending',NULL,NULL,NULL,1,0,0,0,0,0,NULL,NULL,'2026-01-09 05:59:06','2026-01-09 05:59:06',NULL),(10,5,'获取姓名为张三的用户信息',NULL,1,'openai','gpt-3.5-turbo','我理解您想：获取姓名为张三的用户信息。但我还在学习如何更准确地执行这个操作。',NULL,NULL,NULL,'pending',NULL,NULL,NULL,0,0,0,0,0,0,NULL,NULL,'2026-01-09 13:00:32','2026-01-09 13:00:33',NULL),(11,5,'你是谁',NULL,1,'openai','gpt-3.5-turbo','我理解您想：你是谁。但我还在学习如何更准确地执行这个操作。',NULL,NULL,NULL,'pending',NULL,NULL,NULL,0,0,0,0,0,0,NULL,NULL,'2026-01-09 13:04:57','2026-01-09 13:04:57',NULL),(12,5,'获取姓名为张三的用户信息',NULL,0,'openai','gpt-3.5-turbo','AI 服务暂时不可用 (请先安装 openai 包: pip install openai)，尝试使用规则匹配...',NULL,NULL,NULL,'pending',NULL,'请先安装 openai 包: pip install openai',NULL,0,0,0,0,0,0,NULL,NULL,'2026-01-09 13:23:22','2026-01-09 13:23:22',NULL);
/*!40000 ALTER TABLE `ai_command_records` ENABLE KEYS */;
UNLOCK TABLES;

--
-- Table structure for table `announcements`
--

DROP TABLE IF EXISTS `announcements`;
/*!40101 SET @saved_cs_client     = @@character_set_client */;
/*!50503 SET character_set_client = utf8mb4 */;
CREATE TABLE `announcements` (
  `id` bigint NOT NULL AUTO_INCREMENT,
  `title` varchar(200) NOT NULL,
  `content` text NOT NULL,
  `display_position` enum('popup','banner','message_center') NOT NULL,
  `start_time` datetime DEFAULT NULL,
  `end_time` datetime DEFAULT NULL,
  `is_enabled` tinyint(1) DEFAULT '1',
  `created_by` bigint NOT NULL,
  `created_at` datetime NOT NULL DEFAULT CURRENT_TIMESTAMP,
  PRIMARY KEY (`id`),
  KEY `created_by` (`created_by`),
  CONSTRAINT `announcements_ibfk_1` FOREIGN KEY (`created_by`) REFERENCES `users` (`id`) ON DELETE CASCADE
) ENGINE=InnoDB AUTO_INCREMENT=4 DEFAULT CHARSET=utf8mb4 COLLATE=utf8mb4_0900_ai_ci COMMENT='系统公告';
/*!40101 SET character_set_client = @saved_cs_client */;

--
-- Dumping data for table `announcements`
--

LOCK TABLES `announcements` WRITE;
/*!40000 ALTER TABLE `announcements` DISABLE KEYS */;
INSERT INTO `announcements` VALUES (1,'春节期间服务调整通知','春节期间（2026.02.10-02.17）技术支持时间调整为9:00-18:00，感谢您的理解！','banner','2026-01-20 00:00:00','2026-02-18 23:59:59',1,5,'2026-01-05 23:51:43'),(2,'VIP用户新增功能通知','VIP用户现已支持视频流实时识别功能，快去体验吧！','popup','2026-01-01 00:00:00','2026-01-31 23:59:59',1,5,'2026-01-05 23:51:43'),(3,'系统维护通知','DarkVision LPR 将于本周六凌晨 2:00 进行系统升级，预计耗时 2 小时。','banner','2026-01-06 04:36:01','2026-01-13 04:36:01',1,1,'2026-01-06 04:36:01');
/*!40000 ALTER TABLE `announcements` ENABLE KEYS */;
UNLOCK TABLES;

--
-- Table structure for table `batch_recognition_items`
--

DROP TABLE IF EXISTS `batch_recognition_items`;
/*!40101 SET @saved_cs_client     = @@character_set_client */;
/*!50503 SET character_set_client = utf8mb4 */;
CREATE TABLE `batch_recognition_items` (
  `id` bigint NOT NULL AUTO_INCREMENT,
  `task_id` bigint NOT NULL,
  `result_id` bigint DEFAULT NULL,
  `item_index` int NOT NULL COMMENT '批量上传顺序',
  `status` enum('pending','success','failed') NOT NULL DEFAULT 'pending',
  PRIMARY KEY (`id`),
  KEY `task_id` (`task_id`),
  KEY `result_id` (`result_id`),
  CONSTRAINT `batch_recognition_items_ibfk_1` FOREIGN KEY (`task_id`) REFERENCES `recognition_tasks` (`id`) ON DELETE CASCADE,
  CONSTRAINT `batch_recognition_items_ibfk_2` FOREIGN KEY (`result_id`) REFERENCES `recognition_results` (`id`) ON DELETE SET NULL
) ENGINE=InnoDB AUTO_INCREMENT=4 DEFAULT CHARSET=utf8mb4 COLLATE=utf8mb4_0900_ai_ci COMMENT='批量识别子项';
/*!40101 SET character_set_client = @saved_cs_client */;

--
-- Dumping data for table `batch_recognition_items`
--

LOCK TABLES `batch_recognition_items` WRITE;
/*!40000 ALTER TABLE `batch_recognition_items` DISABLE KEYS */;
INSERT INTO `batch_recognition_items` VALUES (1,2,2,1,'success'),(2,2,3,2,'success'),(3,2,NULL,3,'failed');
/*!40000 ALTER TABLE `batch_recognition_items` ENABLE KEYS */;
UNLOCK TABLES;

--
-- Table structure for table `carousels`
--

DROP TABLE IF EXISTS `carousels`;
/*!40101 SET @saved_cs_client     = @@character_set_client */;
/*!50503 SET character_set_client = utf8mb4 */;
CREATE TABLE `carousels` (
  `id` bigint NOT NULL AUTO_INCREMENT,
  `title` varchar(100) NOT NULL,
  `image_url` varchar(255) NOT NULL,
  `link_url` varchar(255) DEFAULT NULL,
  `sort_order` int DEFAULT '0',
  `is_enabled` tinyint(1) DEFAULT '1',
  `created_at` datetime NOT NULL DEFAULT CURRENT_TIMESTAMP,
  PRIMARY KEY (`id`)
) ENGINE=InnoDB AUTO_INCREMENT=6 DEFAULT CHARSET=utf8mb4 COLLATE=utf8mb4_0900_ai_ci COMMENT='首页轮播图';
/*!40101 SET character_set_client = @saved_cs_client */;

--
-- Dumping data for table `carousels`
--

LOCK TABLES `carousels` WRITE;
/*!40000 ALTER TABLE `carousels` DISABLE KEYS */;
INSERT INTO `carousels` VALUES (1,'DarkVision-LPR v2.1 全新发布','https://oss.example.com/carousel/1.jpg','/news/v2.1-release',1,1,'2026-01-05 23:51:43'),(2,'企业版限时优惠','https://oss.example.com/carousel/2.jpg','/packages/enterprise',2,1,'2026-01-05 23:51:43'),(3,'API接口文档更新','https://oss.example.com/carousel/3.jpg','/docs/api',3,1,'2026-01-05 23:51:43'),(4,'智能感知，精准识别','https://images.unsplash.com/photo-1492144534655-ae79c964c9d7?ixlib=rb-1.2.1&auto=format&fit=crop&w=1950&q=80',NULL,1,1,'2026-01-06 04:36:01'),(5,'夜间识别，清晰如昼','https://images.unsplash.com/photo-1469854523086-cc02fe5d8800?ixlib=rb-1.2.1&auto=format&fit=crop&w=1950&q=80',NULL,2,1,'2026-01-06 04:36:01');
/*!40000 ALTER TABLE `carousels` ENABLE KEYS */;
UNLOCK TABLES;

--
-- Table structure for table `client_downloads`
--

DROP TABLE IF EXISTS `client_downloads`;
/*!40101 SET @saved_cs_client     = @@character_set_client */;
/*!50503 SET character_set_client = utf8mb4 */;
CREATE TABLE `client_downloads` (
  `id` bigint NOT NULL AUTO_INCREMENT,
  `os` enum('windows','macos','linux') NOT NULL,
  `version` varchar(20) NOT NULL,
  `download_url` varchar(255) NOT NULL,
  `changelog` text,
  `release_date` date NOT NULL,
  `is_latest` tinyint(1) DEFAULT '0',
  `created_at` datetime NOT NULL DEFAULT CURRENT_TIMESTAMP,
  PRIMARY KEY (`id`),
  UNIQUE KEY `uniq_os_latest` (`os`,`is_latest`)
) ENGINE=InnoDB AUTO_INCREMENT=10 DEFAULT CHARSET=utf8mb4 COLLATE=utf8mb4_0900_ai_ci COMMENT='客户端下载';
/*!40101 SET character_set_client = @saved_cs_client */;

--
-- Dumping data for table `client_downloads`
--

LOCK TABLES `client_downloads` WRITE;
/*!40000 ALTER TABLE `client_downloads` DISABLE KEYS */;
INSERT INTO `client_downloads` VALUES (7,'windows','v1.0.0','https://github.com/Auroral0810/EasyRename/releases/download/v1.0.0/EasyRename_1.0.0_x64_zh%2DCN.msi','Initial Release','2026-01-01',1,'2026-01-06 04:37:15'),(8,'macos','v1.0.0','https://github.com/Auroral0810/EasyRename/releases/download/v1.0.0/EasyRename_1.0.0_aarch64.dmg','Initial Release','2026-01-01',1,'2026-01-06 04:37:15'),(9,'linux','v1.0.0','https://github.com/Auroral0810/EasyRename/releases/download/v1.0.0/easy%2Drename_1.0.0_amd64.deb','Initial Release','2026-01-01',1,'2026-01-06 04:37:15');
/*!40000 ALTER TABLE `client_downloads` ENABLE KEYS */;
UNLOCK TABLES;

--
-- Table structure for table `contact_messages`
--

DROP TABLE IF EXISTS `contact_messages`;
/*!40101 SET @saved_cs_client     = @@character_set_client */;
/*!50503 SET character_set_client = utf8mb4 */;
CREATE TABLE `contact_messages` (
  `id` int NOT NULL AUTO_INCREMENT,
  `name` varchar(100) NOT NULL COMMENT '姓名',
  `email` varchar(100) NOT NULL COMMENT '邮箱',
  `message` text NOT NULL COMMENT '咨询内容',
  `status` enum('pending','processed','ignored') NOT NULL DEFAULT 'pending' COMMENT '处理状态',
  `ip_address` varchar(45) DEFAULT NULL COMMENT 'IP地址',
  `created_at` datetime NOT NULL DEFAULT CURRENT_TIMESTAMP,
  `processed_at` datetime DEFAULT NULL COMMENT '处理时间',
  `processed_by` int DEFAULT NULL COMMENT '处理人ID',
  PRIMARY KEY (`id`)
) ENGINE=InnoDB AUTO_INCREMENT=5 DEFAULT CHARSET=utf8mb4 COLLATE=utf8mb4_0900_ai_ci COMMENT='联系/咨询消息表';
/*!40101 SET character_set_client = @saved_cs_client */;

--
-- Dumping data for table `contact_messages`
--

LOCK TABLES `contact_messages` WRITE;
/*!40000 ALTER TABLE `contact_messages` DISABLE KEYS */;
INSERT INTO `contact_messages` VALUES (1,'俞云烽','15968588744@163.com','test.....','pending','127.0.0.1','2026-01-06 03:56:33',NULL,NULL),(2,'俞云烽','15968588744@163.com','test.....','pending','127.0.0.1','2026-01-06 03:58:34',NULL,NULL),(3,'俞云烽','15968588744@163.com','test2','pending','127.0.0.1','2026-01-06 04:00:25',NULL,NULL),(4,'俞云烽','15968588744@163.com','你好','pending','127.0.0.1','2026-01-06 17:01:49',NULL,NULL);
/*!40000 ALTER TABLE `contact_messages` ENABLE KEYS */;
UNLOCK TABLES;

--
-- Table structure for table `coupons`
--

DROP TABLE IF EXISTS `coupons`;
/*!40101 SET @saved_cs_client     = @@character_set_client */;
/*!50503 SET character_set_client = utf8mb4 */;
CREATE TABLE `coupons` (
  `id` bigint NOT NULL AUTO_INCREMENT,
  `code` varchar(50) NOT NULL,
  `discount_type` enum('percent','fixed') NOT NULL,
  `discount_value` decimal(10,2) NOT NULL,
  `expire_date` datetime DEFAULT NULL,
  `max_usage` int DEFAULT NULL,
  `used_count` int DEFAULT '0',
  `is_active` tinyint(1) DEFAULT '1',
  `created_at` datetime NOT NULL DEFAULT CURRENT_TIMESTAMP,
  PRIMARY KEY (`id`),
  UNIQUE KEY `code` (`code`)
) ENGINE=InnoDB AUTO_INCREMENT=4 DEFAULT CHARSET=utf8mb4 COLLATE=utf8mb4_0900_ai_ci COMMENT='优惠券';
/*!40101 SET character_set_client = @saved_cs_client */;

--
-- Dumping data for table `coupons`
--

LOCK TABLES `coupons` WRITE;
/*!40000 ALTER TABLE `coupons` DISABLE KEYS */;
INSERT INTO `coupons` VALUES (1,'VIP2026','percent',10.00,'2026-12-31 23:59:59',1000,56,1,'2026-01-05 23:51:43'),(2,'NEWUSER5','fixed',5.00,'2026-06-30 23:59:59',5000,1289,1,'2026-01-05 23:51:43'),(3,'ENTERPRISE1000','fixed',1000.00,'2026-03-31 23:59:59',100,23,1,'2026-01-05 23:51:43');
/*!40000 ALTER TABLE `coupons` ENABLE KEYS */;
UNLOCK TABLES;

--
-- Table structure for table `documents`
--

DROP TABLE IF EXISTS `documents`;
/*!40101 SET @saved_cs_client     = @@character_set_client */;
/*!50503 SET character_set_client = utf8mb4 */;
CREATE TABLE `documents` (
  `id` bigint NOT NULL AUTO_INCREMENT,
  `title` varchar(200) NOT NULL,
  `doc_type` enum('tech','service_agreement','privacy_policy') NOT NULL,
  `content` longtext NOT NULL,
  `version` varchar(20) NOT NULL,
  `is_current` tinyint(1) DEFAULT '0',
  `created_by` bigint NOT NULL,
  `created_at` datetime NOT NULL DEFAULT CURRENT_TIMESTAMP,
  PRIMARY KEY (`id`),
  KEY `created_by` (`created_by`),
  CONSTRAINT `documents_ibfk_1` FOREIGN KEY (`created_by`) REFERENCES `users` (`id`)
) ENGINE=InnoDB AUTO_INCREMENT=7 DEFAULT CHARSET=utf8mb4 COLLATE=utf8mb4_0900_ai_ci COMMENT='文档（技术文档、服务协议等）';
/*!40101 SET character_set_client = @saved_cs_client */;

--
-- Dumping data for table `documents`
--

LOCK TABLES `documents` WRITE;
/*!40000 ALTER TABLE `documents` DISABLE KEYS */;
INSERT INTO `documents` VALUES (1,'API接口文档','tech','# DarkVision-LPR API接口文档\n## 基础信息\n接口地址：https://api.darkvision.com/v1/lpr\n请求方式：POST\nContent-Type：application/json\n...','v2.1',1,5,'2026-01-05 23:51:43'),(2,'用户服务协议','service_agreement','### 服务协议\n1. 服务范围\n本服务提供车牌识别相关技术服务，包括图片识别、视频识别等...','v1.2',1,5,'2026-01-05 23:51:43'),(3,'隐私政策','privacy_policy','### 隐私政策\n1. 信息收集\n我们仅收集必要的用户信息，包括手机号、身份证信息（实名认证）等...','v1.1',1,5,'2026-01-05 23:51:43'),(4,'技术文档','tech','## 架构概览\n\nDarkVision LPR 采用微服务架构...\n\n## 部署指南\n\n1. Docker Compose...\n','1.0.0',1,1,'2026-01-06 04:37:15'),(5,'服务协议','service_agreement','## 1. 服务内容\n\n本协议是您与 DarkVision 之间关于使用本服务的法律协议...','1.0.0',1,1,'2026-01-06 04:37:15'),(6,'隐私政策','privacy_policy','## 1. 信息收集\n\n我们收集您的以下信息以提供更好的服务...','1.0.0',1,1,'2026-01-06 04:37:15');
/*!40000 ALTER TABLE `documents` ENABLE KEYS */;
UNLOCK TABLES;

--
-- Table structure for table `faq_categories`
--

DROP TABLE IF EXISTS `faq_categories`;
/*!40101 SET @saved_cs_client     = @@character_set_client */;
/*!50503 SET character_set_client = utf8mb4 */;
CREATE TABLE `faq_categories` (
  `id` bigint NOT NULL AUTO_INCREMENT,
  `name` varchar(100) NOT NULL,
  `sort_order` int DEFAULT '0',
  PRIMARY KEY (`id`)
) ENGINE=InnoDB AUTO_INCREMENT=5 DEFAULT CHARSET=utf8mb4 COLLATE=utf8mb4_0900_ai_ci COMMENT='FAQ分类';
/*!40101 SET character_set_client = @saved_cs_client */;

--
-- Dumping data for table `faq_categories`
--

LOCK TABLES `faq_categories` WRITE;
/*!40000 ALTER TABLE `faq_categories` DISABLE KEYS */;
INSERT INTO `faq_categories` VALUES (1,'新手入门',1),(2,'会员服务',2),(3,'技术支持',3);
/*!40000 ALTER TABLE `faq_categories` ENABLE KEYS */;
UNLOCK TABLES;

--
-- Table structure for table `faqs`
--

DROP TABLE IF EXISTS `faqs`;
/*!40101 SET @saved_cs_client     = @@character_set_client */;
/*!50503 SET character_set_client = utf8mb4 */;
CREATE TABLE `faqs` (
  `id` bigint NOT NULL AUTO_INCREMENT,
  `category_id` bigint DEFAULT NULL,
  `question` varchar(255) NOT NULL,
  `answer` text NOT NULL,
  `sort_order` int DEFAULT '0',
  `view_count` int DEFAULT '0',
  `is_hot` tinyint(1) DEFAULT '0',
  `created_at` datetime NOT NULL DEFAULT CURRENT_TIMESTAMP,
  PRIMARY KEY (`id`),
  KEY `category_id` (`category_id`),
  CONSTRAINT `faqs_ibfk_1` FOREIGN KEY (`category_id`) REFERENCES `faq_categories` (`id`) ON DELETE SET NULL
) ENGINE=InnoDB AUTO_INCREMENT=9 DEFAULT CHARSET=utf8mb4 COLLATE=utf8mb4_0900_ai_ci COMMENT='常见问题';
/*!40101 SET character_set_client = @saved_cs_client */;

--
-- Dumping data for table `faqs`
--

LOCK TABLES `faqs` WRITE;
/*!40000 ALTER TABLE `faqs` DISABLE KEYS */;
INSERT INTO `faqs` VALUES (1,NULL,'如何修改绑定的手机号？','登录后进入【个人中心】-【账号安全】，点击手机号右侧的【修改】按钮，按照提示完成短信验证即可修改。',1,1258,1,'2026-01-05 23:51:43'),(2,NULL,'识别结果不准确怎么办？','您可以尝试使用图片增强功能（如CLAHE、锐化等），或者上传更高清晰度的图片。如果问题依然存在，请联系客服提供图片进行技术排查。',1,2890,1,'2026-01-05 23:51:43'),(3,NULL,'VIP会员有哪些特权？','VIP会员享有更高的每日识别限额、更多的图片增强算法、批量识别无数量限制、导出识别结果等特权，具体请查看会员套餐详情页。',1,1567,1,'2026-01-05 23:51:43'),(4,NULL,'如何获取API接口密钥？','企业版用户登录后进入【开发者中心】-【API管理】，点击【生成密钥】按钮即可获取API Key和Secret。',1,890,0,'2026-01-05 23:51:43'),(5,1,'如何开始使用系统？','注册账号后即可开始使用，普通用户每日有20次免费识别机会。您可以在控制台查看详细的使用指南。',1,100,1,'2026-01-06 04:36:41'),(6,1,'支持哪些图片格式？','支持 JPG、PNG、BMP 等常见图片格式。单张图片建议在 5MB 以内，VIP 用户支持最大 10MB 的高清图片。',2,90,0,'2026-01-06 04:36:41'),(7,2,'如何升级到 VIP？','在价格页面选择 VIP 方案，点击购买并完成支付后，您的账号将立即升级，享受更多权益。',3,80,1,'2026-01-06 04:36:41'),(8,2,'是否提供 API 接口？','是的，VIP 用户和企业用户可以使用 RESTful API 接口。我们提供完善的 API 文档和多语言 SDK。',4,70,0,'2026-01-06 04:36:41');
/*!40000 ALTER TABLE `faqs` ENABLE KEYS */;
UNLOCK TABLES;

--
-- Table structure for table `login_logs`
--

DROP TABLE IF EXISTS `login_logs`;
/*!40101 SET @saved_cs_client     = @@character_set_client */;
/*!50503 SET character_set_client = utf8mb4 */;
CREATE TABLE `login_logs` (
  `id` bigint NOT NULL AUTO_INCREMENT,
  `user_id` bigint NOT NULL,
  `ip_address` varchar(45) DEFAULT NULL,
  `user_agent` text,
  `success` tinyint(1) NOT NULL DEFAULT '0',
  `failure_reason` varchar(255) DEFAULT NULL,
  `created_at` datetime NOT NULL DEFAULT CURRENT_TIMESTAMP,
  PRIMARY KEY (`id`),
  KEY `idx_user_time` (`user_id`,`created_at`),
  CONSTRAINT `login_logs_ibfk_1` FOREIGN KEY (`user_id`) REFERENCES `users` (`id`) ON DELETE CASCADE
) ENGINE=InnoDB AUTO_INCREMENT=57 DEFAULT CHARSET=utf8mb4 COLLATE=utf8mb4_0900_ai_ci COMMENT='登录日志';
/*!40101 SET character_set_client = @saved_cs_client */;

--
-- Dumping data for table `login_logs`
--

LOCK TABLES `login_logs` WRITE;
/*!40000 ALTER TABLE `login_logs` DISABLE KEYS */;
INSERT INTO `login_logs` VALUES (1,1,'192.168.1.100','Mozilla/5.0 (Windows NT 10.0; Win64; x64) Chrome/120.0.0.0',1,NULL,'2026-01-05 23:50:11'),(2,2,'192.168.1.101','Mozilla/5.0 (Macintosh; Intel Mac OS X 14_0) Safari/605.1.15',1,NULL,'2026-01-05 23:50:11'),(3,5,'192.168.1.200','Mozilla/5.0 (Linux; Android 14) Chrome/120.0.0.0',1,NULL,'2026-01-05 23:50:11'),(4,1,'192.168.1.100','Mozilla/5.0 (Windows NT 10.0; Win64; x64) Chrome/120.0.0.0',0,'密码错误','2026-01-05 23:50:11'),(5,7,'127.0.0.1','Mozilla/5.0 (Macintosh; Intel Mac OS X 10_15_7) AppleWebKit/537.36 (KHTML, like Gecko) Chrome/143.0.0.0 Safari/537.36',1,NULL,'2026-01-06 17:26:23'),(6,7,'127.0.0.1','Mozilla/5.0 (Macintosh; Intel Mac OS X 10_15_7) AppleWebKit/537.36 (KHTML, like Gecko) Chrome/143.0.0.0 Safari/537.36',0,'','2026-01-06 18:25:20'),(7,7,'127.0.0.1','Mozilla/5.0 (Macintosh; Intel Mac OS X 10_15_7) AppleWebKit/537.36 (KHTML, like Gecko) Chrome/143.0.0.0 Safari/537.36',0,'','2026-01-06 18:25:37'),(8,7,'127.0.0.1','Mozilla/5.0 (Macintosh; Intel Mac OS X 10_15_7) AppleWebKit/537.36 (KHTML, like Gecko) Chrome/143.0.0.0 Safari/537.36',1,NULL,'2026-01-06 18:25:55'),(9,7,'127.0.0.1','Mozilla/5.0 (Macintosh; Intel Mac OS X 10_15_7) AppleWebKit/537.36 (KHTML, like Gecko) Chrome/143.0.0.0 Safari/537.36',1,NULL,'2026-01-06 19:19:41'),(10,7,'127.0.0.1','Mozilla/5.0 (Macintosh; Intel Mac OS X 10_15_7) AppleWebKit/537.36 (KHTML, like Gecko) Chrome/143.0.0.0 Safari/537.36',1,NULL,'2026-01-06 21:10:02'),(11,7,'127.0.0.1','Mozilla/5.0 (Macintosh; Intel Mac OS X 10_15_7) AppleWebKit/537.36 (KHTML, like Gecko) Chrome/143.0.0.0 Safari/537.36',1,NULL,'2026-01-06 21:15:42'),(12,7,'127.0.0.1','Mozilla/5.0 (Macintosh; Intel Mac OS X 10_15_7) AppleWebKit/537.36 (KHTML, like Gecko) Chrome/143.0.0.0 Safari/537.36',0,'','2026-01-07 02:54:34'),(13,7,'127.0.0.1','Mozilla/5.0 (Macintosh; Intel Mac OS X 10_15_7) AppleWebKit/537.36 (KHTML, like Gecko) Chrome/143.0.0.0 Safari/537.36',1,NULL,'2026-01-07 02:54:36'),(14,7,'127.0.0.1','Mozilla/5.0 (Macintosh; Intel Mac OS X 10_15_7) AppleWebKit/537.36 (KHTML, like Gecko) Chrome/143.0.0.0 Safari/537.36',1,NULL,'2026-01-07 03:16:33'),(15,7,'127.0.0.1','Mozilla/5.0 (Macintosh; Intel Mac OS X 10_15_7) AppleWebKit/537.36 (KHTML, like Gecko) Chrome/143.0.0.0 Safari/537.36',1,NULL,'2026-01-07 03:17:30'),(16,5,'127.0.0.1','Mozilla/5.0 (Macintosh; Intel Mac OS X 10_15_7) AppleWebKit/537.36 (KHTML, like Gecko) Chrome/143.0.0.0 Safari/537.36',0,'System Error: ','2026-01-07 18:32:43'),(17,5,'127.0.0.1','Mozilla/5.0 (Macintosh; Intel Mac OS X 10_15_7) AppleWebKit/537.36 (KHTML, like Gecko) Chrome/143.0.0.0 Safari/537.36',0,'System Error: ','2026-01-07 18:35:47'),(18,5,'127.0.0.1','Mozilla/5.0 (Macintosh; Intel Mac OS X 10_15_7) AppleWebKit/537.36 (KHTML, like Gecko) Chrome/143.0.0.0 Safari/537.36',0,'System Error: ','2026-01-07 18:38:02'),(19,5,'127.0.0.1','Mozilla/5.0 (Macintosh; Intel Mac OS X 10_15_7) AppleWebKit/537.36 (KHTML, like Gecko) Chrome/143.0.0.0 Safari/537.36',0,'System Error: ','2026-01-07 18:38:20'),(20,5,'127.0.0.1','Mozilla/5.0 (Macintosh; Intel Mac OS X 10_15_7) AppleWebKit/537.36 (KHTML, like Gecko) Chrome/143.0.0.0 Safari/537.36',1,NULL,'2026-01-07 18:41:09'),(21,5,'127.0.0.1','Mozilla/5.0 (Macintosh; Intel Mac OS X 10_15_7) AppleWebKit/537.36 (KHTML, like Gecko) Chrome/143.0.0.0 Safari/537.36',1,NULL,'2026-01-07 18:54:56'),(22,5,'127.0.0.1','Mozilla/5.0 (Macintosh; Intel Mac OS X 10_15_7) AppleWebKit/537.36 (KHTML, like Gecko) Chrome/143.0.0.0 Safari/537.36',1,NULL,'2026-01-07 19:01:19'),(23,5,'127.0.0.1','Mozilla/5.0 (Macintosh; Intel Mac OS X 10_15_7) AppleWebKit/537.36 (KHTML, like Gecko) Chrome/143.0.0.0 Safari/537.36',1,NULL,'2026-01-07 19:05:06'),(24,5,'127.0.0.1','Mozilla/5.0 (Macintosh; Intel Mac OS X 10_15_7) AppleWebKit/537.36 (KHTML, like Gecko) Chrome/143.0.0.0 Safari/537.36',1,NULL,'2026-01-07 19:22:30'),(25,5,'127.0.0.1','Mozilla/5.0 (Macintosh; Intel Mac OS X 10_15_7) AppleWebKit/537.36 (KHTML, like Gecko) Chrome/143.0.0.0 Safari/537.36',1,NULL,'2026-01-07 19:25:46'),(26,5,'127.0.0.1','Mozilla/5.0 (Macintosh; Intel Mac OS X 10_15_7) AppleWebKit/537.36 (KHTML, like Gecko) Chrome/143.0.0.0 Safari/537.36',1,NULL,'2026-01-07 19:26:22'),(27,5,'127.0.0.1','Mozilla/5.0 (Macintosh; Intel Mac OS X 10_15_7) AppleWebKit/537.36 (KHTML, like Gecko) Chrome/143.0.0.0 Safari/537.36',1,NULL,'2026-01-07 19:28:02'),(28,5,'127.0.0.1','Mozilla/5.0 (Macintosh; Intel Mac OS X 10_15_7) AppleWebKit/537.36 (KHTML, like Gecko) Chrome/143.0.0.0 Safari/537.36',1,NULL,'2026-01-07 19:29:53'),(29,5,'127.0.0.1','Mozilla/5.0 (Macintosh; Intel Mac OS X 10_15_7) AppleWebKit/537.36 (KHTML, like Gecko) Chrome/143.0.0.0 Safari/537.36',1,NULL,'2026-01-07 19:48:10'),(30,5,'127.0.0.1','Mozilla/5.0 (Macintosh; Intel Mac OS X 10_15_7) AppleWebKit/537.36 (KHTML, like Gecko) Chrome/143.0.0.0 Safari/537.36',1,NULL,'2026-01-07 19:52:13'),(31,5,'127.0.0.1','Mozilla/5.0 (Macintosh; Intel Mac OS X 10_15_7) AppleWebKit/537.36 (KHTML, like Gecko) Chrome/143.0.0.0 Safari/537.36',1,NULL,'2026-01-07 19:53:36'),(32,5,'127.0.0.1','Mozilla/5.0 (Macintosh; Intel Mac OS X 10_15_7) AppleWebKit/537.36 (KHTML, like Gecko) Chrome/143.0.0.0 Safari/537.36',1,NULL,'2026-01-07 20:11:14'),(33,5,'127.0.0.1','Mozilla/5.0 (Macintosh; Intel Mac OS X 10_15_7) AppleWebKit/537.36 (KHTML, like Gecko) Chrome/143.0.0.0 Safari/537.36',1,NULL,'2026-01-07 20:14:38'),(34,5,'127.0.0.1','Mozilla/5.0 (Macintosh; Intel Mac OS X 10_15_7) AppleWebKit/537.36 (KHTML, like Gecko) Chrome/143.0.0.0 Safari/537.36',1,NULL,'2026-01-07 20:19:17'),(35,7,'127.0.0.1','Mozilla/5.0 (Macintosh; Intel Mac OS X 10_15_7) AppleWebKit/537.36 (KHTML, like Gecko) Chrome/143.0.0.0 Safari/537.36',1,NULL,'2026-01-07 21:19:23'),(36,7,'127.0.0.1','Mozilla/5.0 (Macintosh; Intel Mac OS X 10_15_7) AppleWebKit/537.36 (KHTML, like Gecko) Chrome/143.0.0.0 Safari/537.36',1,NULL,'2026-01-07 21:35:01'),(37,7,'127.0.0.1','Mozilla/5.0 (Macintosh; Intel Mac OS X 10_15_7) AppleWebKit/537.36 (KHTML, like Gecko) Chrome/143.0.0.0 Safari/537.36',1,NULL,'2026-01-07 21:35:48'),(38,7,'127.0.0.1','Mozilla/5.0 (Macintosh; Intel Mac OS X 10_15_7) AppleWebKit/537.36 (KHTML, like Gecko) Chrome/143.0.0.0 Safari/537.36',1,NULL,'2026-01-07 21:37:19'),(39,7,'127.0.0.1','Mozilla/5.0 (Macintosh; Intel Mac OS X 10_15_7) AppleWebKit/537.36 (KHTML, like Gecko) Chrome/143.0.0.0 Safari/537.36',1,NULL,'2026-01-07 21:38:03'),(40,7,'127.0.0.1','Mozilla/5.0 (Macintosh; Intel Mac OS X 10_15_7) AppleWebKit/537.36 (KHTML, like Gecko) Chrome/143.0.0.0 Safari/537.36',1,NULL,'2026-01-07 21:41:18'),(41,7,'127.0.0.1','Mozilla/5.0 (Macintosh; Intel Mac OS X 10_15_7) AppleWebKit/537.36 (KHTML, like Gecko) Chrome/143.0.0.0 Safari/537.36',1,NULL,'2026-01-07 21:42:10'),(42,7,'127.0.0.1','Mozilla/5.0 (Macintosh; Intel Mac OS X 10_15_7) AppleWebKit/537.36 (KHTML, like Gecko) Chrome/143.0.0.0 Safari/537.36',1,NULL,'2026-01-07 21:49:00'),(43,5,'127.0.0.1','Mozilla/5.0 (Macintosh; Intel Mac OS X 10_15_7) AppleWebKit/537.36 (KHTML, like Gecko) Chrome/143.0.0.0 Safari/537.36',1,NULL,'2026-01-07 21:52:04'),(44,7,'127.0.0.1','Mozilla/5.0 (Macintosh; Intel Mac OS X 10_15_7) AppleWebKit/537.36 (KHTML, like Gecko) Chrome/143.0.0.0 Safari/537.36',1,NULL,'2026-01-07 21:55:23'),(45,7,'127.0.0.1','Mozilla/5.0 (Macintosh; Intel Mac OS X 10_15_7) AppleWebKit/537.36 (KHTML, like Gecko) Chrome/143.0.0.0 Safari/537.36',1,NULL,'2026-01-07 21:58:23'),(46,5,'127.0.0.1','Mozilla/5.0 (Macintosh; Intel Mac OS X 10_15_7) AppleWebKit/537.36 (KHTML, like Gecko) Chrome/143.0.0.0 Safari/537.36',1,NULL,'2026-01-07 21:59:20'),(47,7,'127.0.0.1','Mozilla/5.0 (Macintosh; Intel Mac OS X 10_15_7) AppleWebKit/537.36 (KHTML, like Gecko) Chrome/143.0.0.0 Safari/537.36',1,NULL,'2026-01-07 21:59:40'),(56,8,'127.0.0.1','Mozilla/5.0 (Macintosh; Intel Mac OS X 10.15; rv:140.0) Gecko/20100101 Firefox/140.0',1,NULL,'2026-01-07 22:01:55');
/*!40000 ALTER TABLE `login_logs` ENABLE KEYS */;
UNLOCK TABLES;

--
-- Table structure for table `message_templates`
--

DROP TABLE IF EXISTS `message_templates`;
/*!40101 SET @saved_cs_client     = @@character_set_client */;
/*!50503 SET character_set_client = utf8mb4 */;
CREATE TABLE `message_templates` (
  `id` bigint NOT NULL AUTO_INCREMENT,
  `template_key` varchar(100) NOT NULL,
  `title` varchar(200) NOT NULL,
  `content` text NOT NULL,
  `type` enum('email','sms','station') NOT NULL,
  `created_at` datetime NOT NULL DEFAULT CURRENT_TIMESTAMP,
  PRIMARY KEY (`id`),
  UNIQUE KEY `template_key` (`template_key`)
) ENGINE=InnoDB AUTO_INCREMENT=4 DEFAULT CHARSET=utf8mb4 COLLATE=utf8mb4_0900_ai_ci COMMENT='消息模板（邮件、短信）';
/*!40101 SET character_set_client = @saved_cs_client */;

--
-- Dumping data for table `message_templates`
--

LOCK TABLES `message_templates` WRITE;
/*!40000 ALTER TABLE `message_templates` DISABLE KEYS */;
INSERT INTO `message_templates` VALUES (1,'register_sms','【DarkVision】注册验证码','您的注册验证码是：{code}，5分钟内有效。','sms','2026-01-05 23:51:43'),(2,'reset_password_email','DarkVision密码重置','尊敬的用户，您请求重置密码，请点击链接：{url}（有效期1小时）','email','2026-01-05 23:51:43'),(3,'order_paid','订单支付成功通知','您的订单{order_no}已支付成功，感谢您的购买！','station','2026-01-05 23:51:43');
/*!40000 ALTER TABLE `message_templates` ENABLE KEYS */;
UNLOCK TABLES;

--
-- Table structure for table `operation_logs`
--

DROP TABLE IF EXISTS `operation_logs`;
/*!40101 SET @saved_cs_client     = @@character_set_client */;
/*!50503 SET character_set_client = utf8mb4 */;
CREATE TABLE `operation_logs` (
  `id` bigint NOT NULL AUTO_INCREMENT,
  `admin_id` bigint DEFAULT NULL COMMENT '操作人ID',
  `action` varchar(100) NOT NULL,
  `target_type` varchar(50) DEFAULT NULL,
  `target_id` bigint DEFAULT NULL,
  `description` text,
  `ip_address` varchar(45) DEFAULT NULL,
  `created_at` datetime NOT NULL DEFAULT CURRENT_TIMESTAMP,
  `module` varchar(50) NOT NULL DEFAULT 'system' COMMENT '功能模块',
  `method` varchar(10) DEFAULT NULL COMMENT '请求方法',
  `path` varchar(255) DEFAULT NULL COMMENT '请求路径',
  `params` text COMMENT '请求参数',
  `result` text COMMENT '响应结果',
  `status` int DEFAULT '200' COMMENT '响应状态码',
  `user_agent` varchar(255) DEFAULT NULL COMMENT 'User Agent',
  `duration` int DEFAULT NULL COMMENT '耗时(ms)',
  PRIMARY KEY (`id`),
  KEY `idx_admin_action` (`admin_id`,`action`),
  KEY `ix_operation_logs_admin_id` (`admin_id`)
) ENGINE=InnoDB AUTO_INCREMENT=28 DEFAULT CHARSET=utf8mb4 COLLATE=utf8mb4_0900_ai_ci COMMENT='管理员操作日志';
/*!40101 SET character_set_client = @saved_cs_client */;

--
-- Dumping data for table `operation_logs`
--

LOCK TABLES `operation_logs` WRITE;
/*!40000 ALTER TABLE `operation_logs` DISABLE KEYS */;
INSERT INTO `operation_logs` VALUES (1,5,'user:ban','user',10,'禁用用户ID10（违规使用）','192.168.1.200','2026-01-05 23:51:43','system',NULL,NULL,NULL,NULL,200,NULL,NULL),(2,5,'order:refund','order',5,'为订单ID5办理退款（用户申请）','192.168.1.200','2026-01-05 23:51:43','system',NULL,NULL,NULL,NULL,200,NULL,NULL),(3,5,'system:config','system_config',1,'修改每日免费识别限额为10次','192.168.1.200','2026-01-05 23:51:43','system',NULL,NULL,NULL,NULL,200,NULL,NULL),(4,5,'update',NULL,NULL,'Updated role user_manager',NULL,'2026-01-08 04:31:47','role','PUT',NULL,NULL,NULL,200,NULL,NULL),(5,5,'update',NULL,NULL,'Updated role user_manager',NULL,'2026-01-08 04:32:10','role','PUT',NULL,NULL,NULL,200,NULL,NULL),(6,5,'create',NULL,NULL,'Created permission sss',NULL,'2026-01-08 04:33:15','permission','POST',NULL,NULL,NULL,200,NULL,NULL),(7,5,'delete',NULL,NULL,'Deleted permission 18',NULL,'2026-01-08 04:33:33','permission','DELETE',NULL,NULL,NULL,200,NULL,NULL),(8,5,'update',NULL,NULL,'Updated permission 查看用户',NULL,'2026-01-08 04:33:41','permission','PUT',NULL,NULL,NULL,200,NULL,NULL),(9,5,'update',NULL,NULL,'Updated permission 查看用户',NULL,'2026-01-08 04:33:52','permission','PUT',NULL,NULL,NULL,200,NULL,NULL),(10,5,'update',NULL,NULL,'Updated permission 管理识别记录',NULL,'2026-01-08 04:33:59','permission','PUT',NULL,NULL,NULL,200,NULL,NULL),(11,5,'update',NULL,NULL,'Updated permission 管理识别记录',NULL,'2026-01-08 04:34:09','permission','PUT',NULL,NULL,NULL,200,NULL,NULL),(12,5,'update',NULL,NULL,'Updated role user_manager',NULL,'2026-01-08 04:36:07','role','PUT',NULL,NULL,NULL,200,NULL,NULL),(13,5,'update',NULL,NULL,'Updated role user_manager',NULL,'2026-01-08 04:36:21','role','PUT',NULL,NULL,NULL,200,NULL,NULL),(14,5,'update',NULL,NULL,'Updated role user_manager',NULL,'2026-01-08 04:39:48','role','PUT',NULL,NULL,NULL,200,NULL,NULL),(15,5,'update_type',NULL,NULL,'Changed user 15968588744 type from free to vip','127.0.0.1','2026-01-08 15:36:39','user','PUT','/api/admin/users/9/type','{\"user_type\":\"vip\"}',NULL,200,'Mozilla/5.0 (Macintosh; Intel Mac OS X 10_15_7) AppleWebKit/537.36 (KHTML, like Gecko) Chrome/143.0.0.0 Safari/537.36',NULL),(16,5,'update_type',NULL,NULL,'Changed user 15968588744 type from vip to free','127.0.0.1','2026-01-08 16:06:02','user','PUT','/api/admin/users/9/type','{\"user_type\":\"free\"}','Type changed from vip to free',200,'Mozilla/5.0 (Macintosh; Intel Mac OS X 10_15_7) AppleWebKit/537.36 (KHTML, like Gecko) Chrome/143.0.0.0 Safari/537.36',14),(17,5,'update_type',NULL,NULL,'Changed user 15968588744 type from free to vip','127.0.0.1','2026-01-08 16:19:31','user','PUT','/api/admin/users/9/type','{\"user_type\":\"vip\"}','{\"code\": 20000, \"message\": \"修改成功\", \"data\": null}',200,'Mozilla/5.0 (Macintosh; Intel Mac OS X 10_15_7) AppleWebKit/537.36 (KHTML, like Gecko) Chrome/143.0.0.0 Safari/537.36',10),(18,5,'delete_ip_rule',NULL,NULL,'Deleted IP rule ID: 1','127.0.0.1','2026-01-08 16:33:30','system','DELETE','/api/admin/system/ip-rules/1',NULL,'{\"code\": 20000, \"message\": \"删除成功\", \"data\": null}',200,'Mozilla/5.0 (Macintosh; Intel Mac OS X 10_15_7) AppleWebKit/537.36 (KHTML, like Gecko) Chrome/143.0.0.0 Safari/537.36',10),(19,5,'add_ip_rule',NULL,NULL,'Added IP rule: 111.111.111.11 (allow)','127.0.0.1','2026-01-08 16:40:38','system','POST','/api/admin/system/ip-rules','{\"ip_address\": \"111.111.111.11\", \"type\": \"allow\", \"remark\": \"111\"}','{\"code\": 20000, \"message\": \"操作成功\", \"data\": {\"ip_address\": \"111.111.111.11\", \"type\": \"allow\", \"remark\": \"111\", \"id\": 4, \"created_at\": \"2026-01-08T16:40:38\", \"updated_at\": \"2026-01-08T16:40:38\"}}',200,'Mozilla/5.0 (Macintosh; Intel Mac OS X 10_15_7) AppleWebKit/537.36 (KHTML, like Gecko) Chrome/143.0.0.0 Safari/537.36',25),(20,5,'delete_ip_rule',NULL,NULL,'Deleted IP rule ID: 2','127.0.0.1','2026-01-08 16:40:45','system','DELETE','/api/admin/system/ip-rules/2',NULL,'{\"code\": 20000, \"message\": \"删除成功\", \"data\": null}',200,'Mozilla/5.0 (Macintosh; Intel Mac OS X 10_15_7) AppleWebKit/537.36 (KHTML, like Gecko) Chrome/143.0.0.0 Safari/537.36',13),(21,5,'delete_ip_rule',NULL,NULL,'Deleted IP rule ID: 4','127.0.0.1','2026-01-08 16:40:47','system','DELETE','/api/admin/system/ip-rules/4',NULL,'{\"code\": 20000, \"message\": \"删除成功\", \"data\": null}',200,'Mozilla/5.0 (Macintosh; Intel Mac OS X 10_15_7) AppleWebKit/537.36 (KHTML, like Gecko) Chrome/143.0.0.0 Safari/537.36',17),(22,5,'update_model',NULL,NULL,'Updated model version: v2.0.0','127.0.0.1','2026-01-08 17:01:59','recognition','PUT','/api/admin/recognition/models/1','{\"name\": null, \"accuracy\": null, \"description\": null, \"file_path\": null, \"is_active\": true}','{\"code\": 20000, \"message\": \"操作成功\", \"data\": {\"id\": 1, \"version\": \"v2.0.0\", \"name\": \"基础版车牌识别模型\", \"is_active\": true, \"accuracy\": \"98.50\", \"description\": \"基础版模型，支持蓝黄白绿牌\", \"file_path\": \"/models/lpr_v2.0.0.pth\", \"created_at\": \"2026-01-05T23:50:11\"}}',200,'Mozilla/5.0 (Macintosh; Intel Mac OS X 10_15_7) AppleWebKit/537.36 (KHTML, like Gecko) Chrome/143.0.0.0 Safari/537.36',14),(23,5,'update_model',NULL,NULL,'Updated model version: v2.1.0','127.0.0.1','2026-01-08 17:02:01','recognition','PUT','/api/admin/recognition/models/2','{\"name\": null, \"accuracy\": null, \"description\": null, \"file_path\": null, \"is_active\": true}','{\"code\": 20000, \"message\": \"操作成功\", \"data\": {\"id\": 2, \"version\": \"v2.1.0\", \"name\": \"增强版车牌识别模型\", \"is_active\": true, \"accuracy\": \"99.20\", \"description\": \"增强版模型，支持更多车牌类型和低质量图片\", \"file_path\": \"/models/lpr_v2.1.0.pth\", \"created_at\": \"2026-01-05T23:50:11\"}}',200,'Mozilla/5.0 (Macintosh; Intel Mac OS X 10_15_7) AppleWebKit/537.36 (KHTML, like Gecko) Chrome/143.0.0.0 Safari/537.36',15),(24,5,'audit',NULL,NULL,'Audited verification ID: 4, action: approve','127.0.0.1','2026-01-08 17:33:48','verification','POST','/api/admin/verifications/4/audit','{\"action\": \"approve\", \"reject_reason\": null}','{\"code\": 20000, \"message\": \"审核完成\", \"data\": null}',200,'Mozilla/5.0 (Macintosh; Intel Mac OS X 10_15_7) AppleWebKit/537.36 (KHTML, like Gecko) Chrome/143.0.0.0 Safari/537.36',45),(25,5,'audit',NULL,NULL,'Audited verification ID: 4, action: approve','127.0.0.1','2026-01-08 17:43:11','verification','POST','/api/admin/verifications/4/audit','{\"action\": \"approve\", \"reject_reason\": null}','{\"code\": 20000, \"message\": \"审核完成\", \"data\": null}',200,'Mozilla/5.0 (Macintosh; Intel Mac OS X 10_15_7) AppleWebKit/537.36 (KHTML, like Gecko) Chrome/143.0.0.0 Safari/537.36',21),(26,5,'login',NULL,NULL,'Admin login success: 13800138999','127.0.0.1','2026-01-09 04:05:18','auth','POST','/api/admin/login',NULL,'{\"code\": 20000, \"message\": \"登录成功\", \"data\": {\"access_token\": \"eyJhbGciOiJIUzI1NiIsInR5cCI6IkpXVCJ9.eyJ1c2VyX2lkIjo1LCJwaG9uZSI6IjEzODAwMTM4OTk5IiwidXNlcl90eXBlIjoiYWRtaW4iLCJleHAiOjE3Njg1MDc1MTh9.qn40FquzBsSKkW03bluk2S5W08YA7z4CRtHFMa_2C34\", \"token_type\": \"bearer\", \"user_info\": {\"id\": 5, \"phone\": \"13800138999\", \"nickname\": \"系统管理员\", \"email\": \"admin@darkvision.com\", \"avatar_url\": \"https://oss.example.com/avatars/admin.jpg\", \"user_type\": \"admin\", \"status\": \"active\", \"roles\": [\"super_admin\"], \"perms\": [], \"gender\": null, \"birthday\": null, \"address\": null, \"real_name\": null, \"is_verified\": false, \"verification_status\": null, \"created_at\": \"2026-01-05T23:50:11\", \"last_login_at\": \"2026-01-09T04:05:18\"}}}',200,'Mozilla/5.0 (Macintosh; Intel Mac OS X 10.15; rv:146.0) Gecko/20100101 Firefox/146.0',250),(27,5,'login',NULL,NULL,'Admin login success: 13800138999','127.0.0.1','2026-01-09 04:06:17','auth','POST','/api/admin/login',NULL,'{\"code\": 20000, \"message\": \"登录成功\", \"data\": {\"access_token\": \"eyJhbGciOiJIUzI1NiIsInR5cCI6IkpXVCJ9.eyJ1c2VyX2lkIjo1LCJwaG9uZSI6IjEzODAwMTM4OTk5IiwidXNlcl90eXBlIjoiYWRtaW4iLCJleHAiOjE3Njg1MDc1Nzd9.Tj0oSyCgs6op4DZULKsG2qOEksp_ojS757ljOt3JrAk\", \"token_type\": \"bearer\", \"user_info\": {\"id\": 5, \"phone\": \"13800138999\", \"nickname\": \"系统管理员\", \"email\": \"admin@darkvision.com\", \"avatar_url\": \"https://oss.example.com/avatars/admin.jpg\", \"user_type\": \"admin\", \"status\": \"active\", \"roles\": [\"super_admin\"], \"perms\": [], \"gender\": null, \"birthday\": null, \"address\": null, \"real_name\": null, \"is_verified\": false, \"verification_status\": null, \"created_at\": \"2026-01-05T23:50:11\", \"last_login_at\": \"2026-01-09T04:06:17\"}}}',200,'Mozilla/5.0 (Macintosh; Intel Mac OS X 10_15_7) AppleWebKit/537.36 (KHTML, like Gecko) Chrome/143.0.0.0 Safari/537.36',154);
/*!40000 ALTER TABLE `operation_logs` ENABLE KEYS */;
UNLOCK TABLES;

--
-- Table structure for table `orders`
--

DROP TABLE IF EXISTS `orders`;
/*!40101 SET @saved_cs_client     = @@character_set_client */;
/*!50503 SET character_set_client = utf8mb4 */;
CREATE TABLE `orders` (
  `id` bigint NOT NULL AUTO_INCREMENT,
  `order_no` varchar(64) NOT NULL,
  `user_id` bigint NOT NULL,
  `package_id` bigint NOT NULL,
  `amount` decimal(10,2) NOT NULL,
  `status` enum('pending','paid','cancelled','refunded') NOT NULL DEFAULT 'pending',
  `payment_method` enum('wechat','alipay','bank') DEFAULT NULL,
  `paid_at` datetime DEFAULT NULL,
  `created_at` datetime NOT NULL DEFAULT CURRENT_TIMESTAMP,
  PRIMARY KEY (`id`),
  UNIQUE KEY `order_no` (`order_no`),
  KEY `user_id` (`user_id`),
  KEY `package_id` (`package_id`),
  CONSTRAINT `orders_ibfk_1` FOREIGN KEY (`user_id`) REFERENCES `users` (`id`) ON DELETE CASCADE,
  CONSTRAINT `orders_ibfk_2` FOREIGN KEY (`package_id`) REFERENCES `packages` (`id`)
) ENGINE=InnoDB AUTO_INCREMENT=4 DEFAULT CHARSET=utf8mb4 COLLATE=utf8mb4_0900_ai_ci COMMENT='订单';
/*!40101 SET character_set_client = @saved_cs_client */;

--
-- Dumping data for table `orders`
--

LOCK TABLES `orders` WRITE;
/*!40000 ALTER TABLE `orders` DISABLE KEYS */;
/*!40000 ALTER TABLE `orders` ENABLE KEYS */;
UNLOCK TABLES;

--
-- Table structure for table `package_features`
--

DROP TABLE IF EXISTS `package_features`;
/*!40101 SET @saved_cs_client     = @@character_set_client */;
/*!50503 SET character_set_client = utf8mb4 */;
CREATE TABLE `package_features` (
  `id` bigint NOT NULL AUTO_INCREMENT,
  `package_id` bigint NOT NULL,
  `feature_key` varchar(100) NOT NULL COMMENT '如 daily_limit',
  `feature_display_name` varchar(255) DEFAULT NULL,
  `feature_description` text,
  `feature_value` varchar(255) NOT NULL,
  PRIMARY KEY (`id`),
  KEY `package_id` (`package_id`),
  CONSTRAINT `package_features_ibfk_1` FOREIGN KEY (`package_id`) REFERENCES `packages` (`id`) ON DELETE CASCADE
) ENGINE=InnoDB AUTO_INCREMENT=377 DEFAULT CHARSET=utf8mb4 COLLATE=utf8mb4_0900_ai_ci COMMENT='套餐功能明细（用于对比表）';
/*!40101 SET character_set_client = @saved_cs_client */;

--
-- Dumping data for table `package_features`
--

LOCK TABLES `package_features` WRITE;
/*!40000 ALTER TABLE `package_features` DISABLE KEYS */;
INSERT INTO `package_features` VALUES (58,2,'daily_limit','每日网页识别次数','通过网页上传（单张或批量）每日可识别图片次数，每张图片计为1次','500'),(59,2,'api_daily_limit','每日API调用次数','开发者RESTful API每日调用限额','5000'),(60,2,'single_image_enabled','单张图片识别','是否支持单张图片上传识别','true'),(61,2,'single_image_max_size','单张图片最大尺寸','单张图片上传大小限制（字节）','10485760'),(62,2,'batch_upload_enabled','批量识别','是否支持一次性上传多张图片','true'),(63,2,'batch_upload_max_count','批量最大图片数量','单次批量上传最多图片数量','50'),(64,2,'batch_upload_max_size_per_image','批量单张最大尺寸','批量上传时每张图片大小限制（字节）','10485760'),(65,2,'video_recognition_enabled','视频识别','是否支持上传视频文件进行车牌识别','true'),(66,2,'video_monthly_limit','每月视频识别数量','每月可处理的视频文件数量（0表示无限制）','10'),(67,2,'video_max_size','视频最大尺寸','单个视频文件大小限制（字节）','209715200'),(68,2,'video_frame_extraction','视频抽帧识别','自动从视频抽帧进行车牌识别','true'),(69,2,'video_annotation','视频标注','在视频中框出车牌位置并生成标注','true'),(70,2,'realtime_recognition_enabled','实时摄像头识别','支持调用本地摄像头实时识别车牌（需客户端支持）','true'),(71,2,'high_precision_mode','高精度模式','启用更大规模模型（YOLOv12），提升低光照等复杂场景准确率','true'),(72,2,'model_version','模型版本','使用的识别模型版本','yolov12'),(73,2,'history_retention_days','历史记录保留天数','识别记录自动保留天数（0表示永久）','0'),(74,2,'history_max_records','历史记录最大条数','最多保留的识别记录条数（0表示无限制）','0'),(75,2,'history_unlimited','永久历史记录','是否提供无限历史记录存储','true'),(76,2,'cloud_storage_enabled','云存储','是否提供云端原图与增强图存储','true'),(77,2,'cloud_storage_size_gb','云存储空间','提供的云存储空间（GB，0表示无限制或自定义）','10'),(78,2,'image_enhancement_enabled','图像增强','是否支持对低质量图片进行预处理增强','true'),(79,2,'enhancement_algorithms','增强算法','支持的图像增强算法列表','retinex,msr,adaptive_histogram'),(80,2,'enhancement_presets','增强预设','是否支持保存常用增强参数预设','true'),(81,2,'enhancement_custom_params','自定义增强参数','是否允许手动调整亮度、对比度、锐化等参数','true'),(82,2,'api_access',NULL,NULL,'true'),(83,2,'api_rate_limit',NULL,NULL,'5000'),(84,2,'webhook_support',NULL,NULL,'true'),(85,2,'advanced_statistics','高级统计面板','详细识别统计、成功率趋势、车牌类型分布等','true'),(86,2,'success_rate_trend','成功率趋势分析','按天/周/月展示识别成功率趋势图','true'),(87,2,'plate_type_distribution','车牌类型分布','蓝牌/绿牌/黄牌等类型分布统计','true'),(88,2,'data_export_pdf','数据导出（PDF/Excel/CSV）','支持多种格式导出识别报告与统计数据','true'),(89,2,'data_export_excel','数据导出（PDF/Excel/CSV）','支持多种格式导出识别报告与统计数据','true'),(90,2,'data_export_csv','数据导出（PDF/Excel/CSV）','支持多种格式导出识别报告与统计数据','true'),(91,2,'data_backup_restore',NULL,NULL,'true'),(92,2,'result_search','结果搜索/标签/筛选','高级历史记录检索、标签分类、多条件筛选','true'),(93,2,'result_tagging','结果搜索/标签/筛选','高级历史记录检索、标签分类、多条件筛选','true'),(94,2,'result_filtering','结果搜索/标签/筛选','高级历史记录检索、标签分类、多条件筛选','true'),(95,2,'priority_support',NULL,NULL,'true'),(96,2,'support_response_time','优先客服响应时间','专属客服响应时限承诺','5min'),(97,2,'ad_free','无广告体验','去除所有广告，纯净使用界面','true'),(98,2,'multi_device_sync',NULL,NULL,'true'),(99,3,'daily_limit','每日网页识别次数','通过网页上传（单张或批量）每日可识别图片次数，每张图片计为1次','500'),(100,3,'api_daily_limit','每日API调用次数','开发者RESTful API每日调用限额','5000'),(101,3,'single_image_enabled','单张图片识别','是否支持单张图片上传识别','true'),(102,3,'single_image_max_size','单张图片最大尺寸','单张图片上传大小限制（字节）','10485760'),(103,3,'batch_upload_enabled','批量识别','是否支持一次性上传多张图片','true'),(104,3,'batch_upload_max_count','批量最大图片数量','单次批量上传最多图片数量','50'),(105,3,'batch_upload_max_size_per_image','批量单张最大尺寸','批量上传时每张图片大小限制（字节）','10485760'),(106,3,'video_recognition_enabled','视频识别','是否支持上传视频文件进行车牌识别','true'),(107,3,'video_monthly_limit','每月视频识别数量','每月可处理的视频文件数量（0表示无限制）','15'),(108,3,'video_max_size','视频最大尺寸','单个视频文件大小限制（字节）','209715200'),(109,3,'video_frame_extraction','视频抽帧识别','自动从视频抽帧进行车牌识别','true'),(110,3,'video_annotation','视频标注','在视频中框出车牌位置并生成标注','true'),(111,3,'realtime_recognition_enabled','实时摄像头识别','支持调用本地摄像头实时识别车牌（需客户端支持）','true'),(112,3,'high_precision_mode','高精度模式','启用更大规模模型（YOLOv12），提升低光照等复杂场景准确率','true'),(113,3,'model_version','模型版本','使用的识别模型版本','yolov12'),(114,3,'history_retention_days','历史记录保留天数','识别记录自动保留天数（0表示永久）','0'),(115,3,'history_max_records','历史记录最大条数','最多保留的识别记录条数（0表示无限制）','0'),(116,3,'history_unlimited','永久历史记录','是否提供无限历史记录存储','true'),(117,3,'cloud_storage_enabled','云存储','是否提供云端原图与增强图存储','true'),(118,3,'cloud_storage_size_gb','云存储空间','提供的云存储空间（GB，0表示无限制或自定义）','15'),(119,3,'image_enhancement_enabled','图像增强','是否支持对低质量图片进行预处理增强','true'),(120,3,'enhancement_algorithms','增强算法','支持的图像增强算法列表','retinex,msr,adaptive_histogram'),(121,3,'enhancement_presets','增强预设','是否支持保存常用增强参数预设','true'),(122,3,'enhancement_custom_params','自定义增强参数','是否允许手动调整亮度、对比度、锐化等参数','true'),(123,3,'api_access',NULL,NULL,'true'),(124,3,'api_rate_limit',NULL,NULL,'5000'),(125,3,'webhook_support',NULL,NULL,'true'),(126,3,'advanced_statistics','高级统计面板','详细识别统计、成功率趋势、车牌类型分布等','true'),(127,3,'success_rate_trend','成功率趋势分析','按天/周/月展示识别成功率趋势图','true'),(128,3,'plate_type_distribution','车牌类型分布','蓝牌/绿牌/黄牌等类型分布统计','true'),(129,3,'data_export_pdf','数据导出（PDF/Excel/CSV）','支持多种格式导出识别报告与统计数据','true'),(130,3,'data_export_excel','数据导出（PDF/Excel/CSV）','支持多种格式导出识别报告与统计数据','true'),(131,3,'data_export_csv','数据导出（PDF/Excel/CSV）','支持多种格式导出识别报告与统计数据','true'),(132,3,'data_backup_restore',NULL,NULL,'true'),(133,3,'result_search','结果搜索/标签/筛选','高级历史记录检索、标签分类、多条件筛选','true'),(134,3,'result_tagging','结果搜索/标签/筛选','高级历史记录检索、标签分类、多条件筛选','true'),(135,3,'result_filtering','结果搜索/标签/筛选','高级历史记录检索、标签分类、多条件筛选','true'),(136,3,'priority_support',NULL,NULL,'true'),(137,3,'support_response_time','优先客服响应时间','专属客服响应时限承诺','5min'),(138,3,'yearly_badge','年付专属徽章','前端展示年付用户专属标识','true'),(139,3,'yearly_discount',NULL,NULL,'33'),(140,3,'ad_free','无广告体验','去除所有广告，纯净使用界面','true'),(141,3,'multi_device_sync',NULL,NULL,'true'),(142,4,'daily_limit','每日网页识别次数','通过网页上传（单张或批量）每日可识别图片次数，每张图片计为1次','0'),(143,4,'api_daily_limit','每日API调用次数','开发者RESTful API每日调用限额','0'),(144,4,'single_image_enabled','单张图片识别','是否支持单张图片上传识别','true'),(145,4,'single_image_max_size','单张图片最大尺寸','单张图片上传大小限制（字节）','52428800'),(146,4,'batch_upload_enabled','批量识别','是否支持一次性上传多张图片','true'),(147,4,'batch_upload_max_count','批量最大图片数量','单次批量上传最多图片数量','1000'),(148,4,'batch_upload_max_size_per_image','批量单张最大尺寸','批量上传时每张图片大小限制（字节）','52428800'),(149,4,'video_recognition_enabled','视频识别','是否支持上传视频文件进行车牌识别','true'),(150,4,'video_monthly_limit','每月视频识别数量','每月可处理的视频文件数量（0表示无限制）','0'),(151,4,'video_max_size','视频最大尺寸','单个视频文件大小限制（字节）','2147483648'),(152,4,'video_frame_extraction','视频抽帧识别','自动从视频抽帧进行车牌识别','true'),(153,4,'video_annotation','视频标注','在视频中框出车牌位置并生成标注','true'),(154,4,'realtime_recognition_enabled','实时摄像头识别','支持调用本地摄像头实时识别车牌（需客户端支持）','true'),(155,4,'high_precision_mode','高精度模式','启用更大规模模型（YOLOv12），提升低光照等复杂场景准确率','true'),(156,4,'model_version','模型版本','使用的识别模型版本','yolov12'),(157,4,'custom_model_training','自定义模型训练','上传私有数据集进行模型微调，针对特定场景优化','true'),(158,4,'model_ab_testing',NULL,NULL,'true'),(159,4,'history_retention_days','历史记录保留天数','识别记录自动保留天数（0表示永久）','0'),(160,4,'history_max_records','历史记录最大条数','最多保留的识别记录条数（0表示无限制）','0'),(161,4,'history_unlimited','永久历史记录','是否提供无限历史记录存储','true'),(162,4,'cloud_storage_enabled','云存储','是否提供云端原图与增强图存储','true'),(163,4,'cloud_storage_size_gb','云存储空间','提供的云存储空间（GB，0表示无限制或自定义）','0'),(164,4,'image_enhancement_enabled','图像增强','是否支持对低质量图片进行预处理增强','true'),(165,4,'enhancement_algorithms','增强算法','支持的图像增强算法列表','retinex,msr,adaptive_histogram,custom'),(166,4,'enhancement_presets','增强预设','是否支持保存常用增强参数预设','true'),(167,4,'enhancement_custom_params','自定义增强参数','是否允许手动调整亮度、对比度、锐化等参数','true'),(168,4,'api_access',NULL,NULL,'true'),(169,4,'api_rate_limit',NULL,NULL,'0'),(170,4,'webhook_support',NULL,NULL,'true'),(171,4,'api_protocols','API调用协议','支持的API协议类型（如REST、gRPC、WebSocket）','rest,grpc,websocket'),(172,4,'api_dedicated_server','专属API服务器','是否提供独立的API服务实例','true'),(173,4,'api_sla','API服务SLA','API可用性保证（如99.9%）','99.9'),(174,4,'advanced_statistics','高级统计面板','详细识别统计、成功率趋势、车牌类型分布等','true'),(175,4,'success_rate_trend','成功率趋势分析','按天/周/月展示识别成功率趋势图','true'),(176,4,'plate_type_distribution','车牌类型分布','蓝牌/绿牌/黄牌等类型分布统计','true'),(177,4,'custom_bi_dashboard','自定义BI看板','企业级自定义可视化报表与多维度钻取','true'),(178,4,'data_drilling',NULL,NULL,'true'),(179,4,'cost_analysis',NULL,NULL,'true'),(180,4,'data_export_pdf','数据导出（PDF/Excel/CSV）','支持多种格式导出识别报告与统计数据','true'),(181,4,'data_export_excel','数据导出（PDF/Excel/CSV）','支持多种格式导出识别报告与统计数据','true'),(182,4,'data_export_csv','数据导出（PDF/Excel/CSV）','支持多种格式导出识别报告与统计数据','true'),(183,4,'data_backup_restore',NULL,NULL,'true'),(184,4,'data_retention_days','历史记录保留天数','识别记录自动保留天数（0表示永久）','365'),(185,4,'result_search','结果搜索/标签/筛选','高级历史记录检索、标签分类、多条件筛选','true'),(186,4,'result_tagging','结果搜索/标签/筛选','高级历史记录检索、标签分类、多条件筛选','true'),(187,4,'result_filtering','结果搜索/标签/筛选','高级历史记录检索、标签分类、多条件筛选','true'),(188,4,'result_workflow',NULL,NULL,'true'),(189,4,'result_approval',NULL,NULL,'true'),(190,4,'sub_account_enabled','子账户管理','支持创建多个子账户并分配额度与权限','true'),(191,4,'sub_account_max_count',NULL,NULL,'50'),(192,4,'sub_account_quota_management',NULL,NULL,'true'),(193,4,'sub_account_permission_control',NULL,NULL,'true'),(194,4,'unified_billing',NULL,NULL,'true'),(195,4,'team_collaboration',NULL,NULL,'true'),(196,4,'shared_history',NULL,NULL,'true'),(197,4,'task_assignment',NULL,NULL,'true'),(198,4,'progress_tracking',NULL,NULL,'true'),(199,4,'team_annotation',NULL,NULL,'true'),(200,4,'team_comments',NULL,NULL,'true'),(201,4,'erp_integration',NULL,NULL,'true'),(202,4,'crm_integration',NULL,NULL,'true'),(203,4,'database_direct_connect',NULL,NULL,'true'),(204,4,'data_stream_push',NULL,NULL,'true'),(205,4,'custom_export_format',NULL,NULL,'true'),(206,4,'on_premise_deployment','私有化部署','支持本地服务器或容器化部署，数据不出企业内网','true'),(207,4,'offline_inference',NULL,NULL,'true'),(208,4,'data_local_only',NULL,NULL,'true'),(209,4,'docker_support',NULL,NULL,'true'),(210,4,'kubernetes_support',NULL,NULL,'true'),(211,4,'data_encryption_transport',NULL,NULL,'tls1.3'),(212,4,'data_encryption_storage',NULL,NULL,'aes256'),(213,4,'data_masking',NULL,NULL,'true'),(214,4,'rbac_enabled',NULL,NULL,'true'),(215,4,'audit_log_retention_days',NULL,NULL,'365'),(216,4,'compliance_iso27001',NULL,NULL,'true'),(217,4,'compliance_soc2',NULL,NULL,'true'),(218,4,'compliance_gdpr',NULL,NULL,'true'),(219,4,'accuracy_alert',NULL,NULL,'true'),(220,4,'load_alert',NULL,NULL,'true'),(221,4,'anomaly_detection',NULL,NULL,'true'),(222,4,'priority_support',NULL,NULL,'true'),(223,4,'support_response_time','优先客服响应时间','专属客服响应时限承诺','15min'),(224,4,'dedicated_support_team',NULL,NULL,'true'),(225,4,'dedicated_engineer',NULL,NULL,'true'),(226,4,'quarterly_review',NULL,NULL,'true'),(227,4,'custom_training',NULL,NULL,'true'),(228,4,'sla_availability',NULL,NULL,'99.9'),(229,4,'sla_response_time',NULL,NULL,'15min'),(230,4,'sla_backup_disaster',NULL,NULL,'true'),(231,4,'ad_free','无广告体验','去除所有广告，纯净使用界面','true'),(232,4,'multi_device_sync',NULL,NULL,'true'),(233,4,'distributed_processing','分布式处理','支持多台服务器并行推理，大规模任务加速','true'),(234,4,'load_balancing','负载均衡','多服务器自动负载均衡分配识别任务','true'),(235,4,'queue_management','队列管理','支持识别任务排队机制，高并发时自动队列调度，避免系统过载，确保稳定处理','true'),(236,4,'real_time_monitoring','实时监控','系统处理状态、负载、队列实时监控仪表盘','true'),(349,1,'daily_limit','每日网页识别次数','通过网页上传（单张或批量）每日可识别图片次数，每张图片计为1次','20'),(350,1,'api_daily_limit','每日API调用次数','开发者RESTful API每日调用限额','0'),(351,1,'single_image_enabled','单张图片识别','是否支持单张图片上传识别','true'),(352,1,'single_image_max_size','单张图片最大尺寸','单张图片上传大小限制（字节）','5242880'),(353,1,'batch_upload_enabled','批量识别','是否支持一次性上传多张图片','false'),(354,1,'batch_upload_max_count','批量最大图片数量','单次批量上传最多图片数量','0'),(355,1,'video_recognition_enabled','视频识别','是否支持上传视频文件进行车牌识别','false'),(356,1,'video_monthly_limit','每月视频识别数量','每月可处理的视频文件数量（0表示无限制）','0'),(357,1,'video_max_size','视频最大尺寸','单个视频文件大小限制（字节）','0'),(358,1,'realtime_recognition_enabled','实时摄像头识别','支持调用本地摄像头实时识别车牌（需客户端支持）','false'),(359,1,'high_precision_mode','高精度模式','启用更大规模模型（YOLOv12），提升低光照等复杂场景准确率','false'),(360,1,'model_version','模型版本','使用的识别模型版本','base'),(361,1,'history_retention_days','历史记录保留天数','识别记录自动保留天数（0表示永久）','7'),(362,1,'history_max_records','历史记录最大条数','最多保留的识别记录条数（0表示无限制）','50'),(363,1,'history_unlimited','永久历史记录','是否提供无限历史记录存储','false'),(364,1,'cloud_storage_enabled','云存储','是否提供云端原图与增强图存储','false'),(365,1,'cloud_storage_size_gb','云存储空间','提供的云存储空间（GB，0表示无限制或自定义）','0'),(366,1,'image_enhancement_enabled','图像增强','是否支持对低质量图片进行预处理增强','false'),(367,1,'enhancement_presets','增强预设','是否支持保存常用增强参数预设','false'),(368,1,'api_access',NULL,NULL,'false'),(369,1,'webhook_support',NULL,NULL,'false'),(370,1,'advanced_statistics','高级统计面板','详细识别统计、成功率趋势、车牌类型分布等','false'),(371,1,'data_export_pdf','数据导出（PDF/Excel/CSV）','支持多种格式导出识别报告与统计数据','false'),(372,1,'data_export_excel','数据导出（PDF/Excel/CSV）','支持多种格式导出识别报告与统计数据','false'),(373,1,'priority_support',NULL,NULL,'false'),(374,1,'support_response_time','优先客服响应时间','专属客服响应时限承诺','24h'),(375,1,'ad_free','无广告体验','去除所有广告，纯净使用界面','false'),(376,1,'multi_device_sync',NULL,NULL,'false');
/*!40000 ALTER TABLE `package_features` ENABLE KEYS */;
UNLOCK TABLES;

--
-- Table structure for table `packages`
--

DROP TABLE IF EXISTS `packages`;
/*!40101 SET @saved_cs_client     = @@character_set_client */;
/*!50503 SET character_set_client = utf8mb4 */;
CREATE TABLE `packages` (
  `id` bigint NOT NULL AUTO_INCREMENT,
  `name` varchar(50) NOT NULL,
  `code` enum('free','vip_monthly','vip_yearly','enterprise_custom') NOT NULL COMMENT '套餐编码（free/vip_monthly/vip_yearly/enterprise_custom）',
  `price` decimal(10,2) NOT NULL,
  `duration_months` int DEFAULT NULL COMMENT '月数，永久为NULL',
  `description` text,
  `is_active` tinyint(1) DEFAULT '1',
  `created_at` datetime NOT NULL DEFAULT CURRENT_TIMESTAMP,
  PRIMARY KEY (`id`)
) ENGINE=InnoDB AUTO_INCREMENT=5 DEFAULT CHARSET=utf8mb4 COLLATE=utf8mb4_0900_ai_ci COMMENT='套餐定义';
/*!40101 SET character_set_client = @saved_cs_client */;

--
-- Dumping data for table `packages`
--

LOCK TABLES `packages` WRITE;
/*!40000 ALTER TABLE `packages` DISABLE KEYS */;
INSERT INTO `packages` VALUES (1,'普通用户','free',0.00,0,'适合个人开发者和体验测试，提供基础识别服务',1,'2026-01-08 23:28:47'),(2,'VIP月度套餐','vip_monthly',99.00,1,'适合初创团队和中小型项目，提供增强识别功能和API调用权限',1,'2026-01-08 23:28:47'),(3,'VIP年度套餐','vip_yearly',799.00,12,'年度优惠套餐，比月度节省33%，享受更多视频识别额度和云存储空间',1,'2026-01-08 23:28:47'),(4,'企业定制套餐','enterprise_custom',0.00,NULL,'适合大规模商业应用，提供无限识别、私有化部署和定制化服务，价格需联系销售',1,'2026-01-08 23:28:47');
/*!40000 ALTER TABLE `packages` ENABLE KEYS */;
UNLOCK TABLES;

--
-- Table structure for table `page_view_logs`
--

DROP TABLE IF EXISTS `page_view_logs`;
/*!40101 SET @saved_cs_client     = @@character_set_client */;
/*!50503 SET character_set_client = utf8mb4 */;
CREATE TABLE `page_view_logs` (
  `id` bigint NOT NULL AUTO_INCREMENT,
  `user_id` bigint DEFAULT NULL COMMENT '登录用户ID，未登录为NULL',
  `page_path` varchar(255) CHARACTER SET utf8mb4 COLLATE utf8mb4_unicode_ci NOT NULL COMMENT '页面路径',
  `page_type` varchar(7) CHARACTER SET utf8mb4 COLLATE utf8mb4_unicode_ci NOT NULL COMMENT '页面类型',
  `ip_address` varchar(45) CHARACTER SET utf8mb4 COLLATE utf8mb4_unicode_ci DEFAULT NULL COMMENT 'IP地址',
  `user_agent` text CHARACTER SET utf8mb4 COLLATE utf8mb4_unicode_ci COMMENT 'User-Agent',
  `referer` varchar(500) CHARACTER SET utf8mb4 COLLATE utf8mb4_unicode_ci DEFAULT NULL COMMENT '来源页面',
  `created_at` datetime DEFAULT CURRENT_TIMESTAMP COMMENT '创建时间',
  PRIMARY KEY (`id`),
  KEY `ix_page_view_logs_created_at` (`created_at`),
  KEY `ix_page_view_logs_id` (`id`),
  KEY `ix_page_view_logs_user_id` (`user_id`),
  CONSTRAINT `page_view_logs_ibfk_1` FOREIGN KEY (`user_id`) REFERENCES `users` (`id`)
) ENGINE=InnoDB AUTO_INCREMENT=840 DEFAULT CHARSET=utf8mb4 COLLATE=utf8mb4_unicode_ci;
/*!40101 SET character_set_client = @saved_cs_client */;

--
-- Dumping data for table `page_view_logs`
--

LOCK TABLES `page_view_logs` WRITE;
/*!40000 ALTER TABLE `page_view_logs` DISABLE KEYS */;
INSERT INTO `page_view_logs` VALUES (1,NULL,'/','landing','114.242.123.45','Mozilla/5.0 (Windows NT 10.0; Win64; x64) Chrome/120.0.0.0','https://www.google.com/search?q=车牌识别','2026-01-05 09:15:30'),(2,NULL,'/','landing','58.221.89.156','Mozilla/5.0 (Macintosh; Intel Mac OS X 10_15_7) Safari/605.1.15','https://www.baidu.com/s?wd=车牌识别系统','2026-01-05 10:22:15'),(3,NULL,'/','landing','183.12.67.89','Mozilla/5.0 (iPhone; CPU iPhone OS 16_0 like Mac OS X) Safari/605.1.15',NULL,'2026-01-05 14:38:42'),(4,1,'/','landing','192.168.1.100','Mozilla/5.0 (Windows NT 10.0; Win64; x64) Chrome/120.0.0.0',NULL,'2026-01-05 09:00:05'),(5,2,'/','landing','192.168.1.101','Mozilla/5.0 (Macintosh; Intel Mac OS X 14_0) Safari/605.1.15',NULL,'2026-01-05 10:15:20'),(6,7,'/','landing','127.0.0.1','Mozilla/5.0 (Macintosh; Intel Mac OS X 10_15_7) Chrome/143.0.0.0',NULL,'2026-01-06 17:26:23'),(7,NULL,'/pricing','pricing','114.242.123.45','Mozilla/5.0 (Windows NT 10.0; Win64; x64) Chrome/120.0.0.0','https://darkvision.com/','2026-01-05 09:18:45'),(8,NULL,'/pricing','pricing','221.10.45.78','Mozilla/5.0 (Windows NT 10.0; Win64; x64) Edge/120.0.0.0','https://darkvision.com/','2026-01-05 11:25:33'),(9,1,'/pricing','pricing','192.168.1.100','Mozilla/5.0 (Windows NT 10.0; Win64; x64) Chrome/120.0.0.0','https://darkvision.com/','2026-01-05 09:05:12'),(10,2,'/pricing','pricing','192.168.1.101','Mozilla/5.0 (Macintosh; Intel Mac OS X 14_0) Safari/605.1.15','https://darkvision.com/features','2026-01-05 10:20:45'),(11,7,'/pricing','pricing','127.0.0.1','Mozilla/5.0 (Macintosh; Intel Mac OS X 10_15_7) Chrome/143.0.0.0','https://darkvision.com/','2026-01-06 18:30:15'),(12,NULL,'/features','feature','114.242.123.45','Mozilla/5.0 (Windows NT 10.0; Win64; x64) Chrome/120.0.0.0','https://darkvision.com/','2026-01-05 09:16:20'),(13,NULL,'/features','feature','58.221.89.156','Mozilla/5.0 (Macintosh; Intel Mac OS X 10_15_7) Safari/605.1.15','https://darkvision.com/pricing','2026-01-05 10:25:10'),(14,2,'/features','feature','192.168.1.101','Mozilla/5.0 (Macintosh; Intel Mac OS X 14_0) Safari/605.1.15','https://darkvision.com/','2026-01-05 10:18:30'),(15,NULL,'/docs','docs','183.12.67.89','Mozilla/5.0 (Linux; Android 13) Chrome/120.0.0.0','https://www.google.com/search?q=车牌识别API文档','2026-01-05 15:42:18'),(16,3,'/docs','docs','192.168.1.102','Mozilla/5.0 (Windows NT 10.0; Win64; x64) Chrome/120.0.0.0','https://darkvision.com/features','2026-01-05 11:30:25'),(17,7,'/docs','docs','127.0.0.1','Mozilla/5.0 (Macintosh; Intel Mac OS X 10_15_7) Chrome/143.0.0.0','https://darkvision.com/','2026-01-06 19:45:33'),(18,NULL,'/about','about','221.10.45.78','Mozilla/5.0 (Windows NT 10.0; Win64; x64) Edge/120.0.0.0','https://darkvision.com/','2026-01-05 11:28:50'),(19,1,'/about','about','192.168.1.100','Mozilla/5.0 (Windows NT 10.0; Win64; x64) Chrome/120.0.0.0','https://darkvision.com/','2026-01-05 09:10:40'),(20,NULL,'/contact','contact','114.242.123.45','Mozilla/5.0 (Windows NT 10.0; Win64; x64) Chrome/120.0.0.0','https://darkvision.com/about','2026-01-05 09:20:15'),(21,NULL,'/contact','contact','58.221.89.156','Mozilla/5.0 (Macintosh; Intel Mac OS X 10_15_7) Safari/605.1.15','https://darkvision.com/pricing','2026-01-05 10:30:22'),(22,7,'/contact','contact','127.0.0.1','Mozilla/5.0 (Macintosh; Intel Mac OS X 10_15_7) Chrome/143.0.0.0','https://darkvision.com/about','2026-01-06 17:01:35'),(23,NULL,'/download','other','183.12.67.89','Mozilla/5.0 (Windows NT 10.0; Win64; x64) Chrome/120.0.0.0','https://darkvision.com/','2026-01-05 16:12:45'),(24,2,'/download','other','192.168.1.101','Mozilla/5.0 (Macintosh; Intel Mac OS X 14_0) Safari/605.1.15','https://darkvision.com/docs','2026-01-05 10:45:30'),(25,NULL,'/','landing','221.56.78.90','Mozilla/5.0 (Windows NT 10.0; Win64; x64) Chrome/120.0.0.0','https://www.google.com','2026-01-06 08:30:20'),(26,NULL,'/','landing','114.89.45.123','Mozilla/5.0 (iPhone; CPU iPhone OS 16_0 like Mac OS X) Safari/605.1.15',NULL,'2026-01-06 09:15:45'),(27,NULL,'/pricing','pricing','221.56.78.90','Mozilla/5.0 (Windows NT 10.0; Win64; x64) Chrome/120.0.0.0','https://darkvision.com/','2026-01-06 08:35:10'),(28,7,'/','landing','127.0.0.1','Mozilla/5.0 (Macintosh; Intel Mac OS X 10_15_7) Chrome/143.0.0.0',NULL,'2026-01-06 17:26:23'),(29,7,'/features','feature','127.0.0.1','Mozilla/5.0 (Macintosh; Intel Mac OS X 10_15_7) Chrome/143.0.0.0','https://darkvision.com/','2026-01-06 17:30:50'),(30,7,'/pricing','pricing','127.0.0.1','Mozilla/5.0 (Macintosh; Intel Mac OS X 10_15_7) Chrome/143.0.0.0','https://darkvision.com/features','2026-01-06 17:35:20'),(31,5,'/','landing','127.0.0.1','Mozilla/5.0 (Macintosh; Intel Mac OS X 10_15_7) Chrome/143.0.0.0',NULL,'2026-01-06 18:41:09'),(32,NULL,'/features','feature','114.89.45.123','Mozilla/5.0 (iPhone; CPU iPhone OS 16_0 like Mac OS X) Safari/605.1.15','https://darkvision.com/','2026-01-06 09:20:30'),(33,NULL,'/','landing','183.67.89.12','Mozilla/5.0 (Windows NT 10.0; Win64; x64) Chrome/120.0.0.0','https://www.baidu.com','2026-01-07 10:20:15'),(34,NULL,'/','landing','221.34.56.78','Mozilla/5.0 (Macintosh; Intel Mac OS X 10_15_7) Safari/605.1.15',NULL,'2026-01-07 11:45:30'),(35,NULL,'/pricing','pricing','183.67.89.12','Mozilla/5.0 (Windows NT 10.0; Win64; x64) Chrome/120.0.0.0','https://darkvision.com/','2026-01-07 10:25:40'),(36,7,'/','landing','127.0.0.1','Mozilla/5.0 (Macintosh; Intel Mac OS X 10_15_7) Chrome/143.0.0.0',NULL,'2026-01-07 02:54:36'),(37,7,'/docs','docs','127.0.0.1','Mozilla/5.0 (Macintosh; Intel Mac OS X 10_15_7) Chrome/143.0.0.0','https://darkvision.com/','2026-01-07 03:00:15'),(38,5,'/','landing','127.0.0.1','Mozilla/5.0 (Macintosh; Intel Mac OS X 10_15_7) Chrome/143.0.0.0',NULL,'2026-01-07 18:41:09'),(39,5,'/pricing','pricing','127.0.0.1','Mozilla/5.0 (Macintosh; Intel Mac OS X 10_15_7) Chrome/143.0.0.0','https://darkvision.com/','2026-01-07 18:45:22'),(40,NULL,'/contact','contact','221.34.56.78','Mozilla/5.0 (Macintosh; Intel Mac OS X 10_15_7) Safari/605.1.15','https://darkvision.com/about','2026-01-07 12:10:50'),(41,7,'/dashboard/overview','user','127.0.0.1','Mozilla/5.0 (Macintosh; Intel Mac OS X 10_15_7) AppleWebKit/537.36 (KHTML, like Gecko) Chrome/143.0.0.0 Safari/537.36','http://localhost:3001/','2026-01-07 21:20:10'),(42,7,'/dashboard/overview','user','127.0.0.1','Mozilla/5.0 (Macintosh; Intel Mac OS X 10_15_7) AppleWebKit/537.36 (KHTML, like Gecko) Chrome/143.0.0.0 Safari/537.36','http://localhost:3001/','2026-01-07 21:20:54'),(43,7,'/dashboard/recognition','user','127.0.0.1','Mozilla/5.0 (Macintosh; Intel Mac OS X 10_15_7) AppleWebKit/537.36 (KHTML, like Gecko) Chrome/143.0.0.0 Safari/537.36','http://localhost:3001/','2026-01-07 21:20:59'),(44,7,'/dashboard/history','user','127.0.0.1','Mozilla/5.0 (Macintosh; Intel Mac OS X 10_15_7) AppleWebKit/537.36 (KHTML, like Gecko) Chrome/143.0.0.0 Safari/537.36','http://localhost:3001/','2026-01-07 21:21:00'),(45,7,'/dashboard/analysis','user','127.0.0.1','Mozilla/5.0 (Macintosh; Intel Mac OS X 10_15_7) AppleWebKit/537.36 (KHTML, like Gecko) Chrome/143.0.0.0 Safari/537.36','http://localhost:3001/','2026-01-07 21:32:49'),(46,NULL,'/login','user','127.0.0.1','Mozilla/5.0 (Macintosh; Intel Mac OS X 10_15_7) AppleWebKit/537.36 (KHTML, like Gecko) Chrome/143.0.0.0 Safari/537.36','http://localhost:3001/','2026-01-07 21:32:55'),(47,NULL,'/login','user','127.0.0.1','Mozilla/5.0 (Macintosh; Intel Mac OS X 10_15_7) AppleWebKit/537.36 (KHTML, like Gecko) Chrome/143.0.0.0 Safari/537.36','http://localhost:3001/','2026-01-07 21:33:30'),(48,NULL,'/login','user','127.0.0.1','Mozilla/5.0 (Macintosh; Intel Mac OS X 10_15_7) AppleWebKit/605.1.15 (KHTML, like Gecko) Version/18.1.1 Safari/605.1.15','http://localhost:3001/','2026-01-07 21:33:50'),(49,NULL,'/login','user','127.0.0.1','Mozilla/5.0 (Macintosh; Intel Mac OS X 10.15; rv:140.0) Gecko/20100101 Firefox/140.0','http://localhost:3001/','2026-01-07 21:34:20'),(50,NULL,'/login','user','127.0.0.1','Mozilla/5.0 (Macintosh; Intel Mac OS X 10.15; rv:140.0) Gecko/20100101 Firefox/140.0','http://localhost:3001/','2026-01-07 21:34:29'),(51,7,'/dashboard/overview','user','127.0.0.1','Mozilla/5.0 (Macintosh; Intel Mac OS X 10_15_7) AppleWebKit/537.36 (KHTML, like Gecko) Chrome/143.0.0.0 Safari/537.36','http://localhost:3001/','2026-01-07 21:35:01'),(52,7,'/dashboard/analysis','user','127.0.0.1','Mozilla/5.0 (Macintosh; Intel Mac OS X 10_15_7) AppleWebKit/537.36 (KHTML, like Gecko) Chrome/143.0.0.0 Safari/537.36','http://localhost:3001/','2026-01-07 21:35:29'),(53,NULL,'/login','user','127.0.0.1','Mozilla/5.0 (Macintosh; Intel Mac OS X 10_15_7) AppleWebKit/537.36 (KHTML, like Gecko) Chrome/143.0.0.0 Safari/537.36','http://localhost:3001/','2026-01-07 21:35:36'),(54,7,'/dashboard/overview','user','127.0.0.1','Mozilla/5.0 (Macintosh; Intel Mac OS X 10_15_7) AppleWebKit/537.36 (KHTML, like Gecko) Chrome/143.0.0.0 Safari/537.36','http://localhost:3001/','2026-01-07 21:35:48'),(55,NULL,'/login','user','127.0.0.1','Mozilla/5.0 (Macintosh; Intel Mac OS X 10_15_7) AppleWebKit/537.36 (KHTML, like Gecko) Chrome/143.0.0.0 Safari/537.36','http://localhost:3001/','2026-01-07 21:37:13'),(56,7,'/dashboard/overview','user','127.0.0.1','Mozilla/5.0 (Macintosh; Intel Mac OS X 10_15_7) AppleWebKit/537.36 (KHTML, like Gecko) Chrome/143.0.0.0 Safari/537.36','http://localhost:3001/','2026-01-07 21:37:19'),(57,NULL,'/login','user','127.0.0.1','Mozilla/5.0 (Macintosh; Intel Mac OS X 10_15_7) AppleWebKit/537.36 (KHTML, like Gecko) Chrome/143.0.0.0 Safari/537.36','http://localhost:3001/','2026-01-07 21:38:00'),(58,7,'/dashboard/overview','user','127.0.0.1','Mozilla/5.0 (Macintosh; Intel Mac OS X 10_15_7) AppleWebKit/537.36 (KHTML, like Gecko) Chrome/143.0.0.0 Safari/537.36','http://localhost:3001/','2026-01-07 21:38:04'),(59,NULL,'/login','user','127.0.0.1','Mozilla/5.0 (Macintosh; Intel Mac OS X 10_15_7) AppleWebKit/537.36 (KHTML, like Gecko) Chrome/143.0.0.0 Safari/537.36','http://localhost:3001/','2026-01-07 21:41:15'),(60,7,'/dashboard/overview','user','127.0.0.1','Mozilla/5.0 (Macintosh; Intel Mac OS X 10_15_7) AppleWebKit/537.36 (KHTML, like Gecko) Chrome/143.0.0.0 Safari/537.36','http://localhost:3001/','2026-01-07 21:41:19'),(61,NULL,'/login','user','127.0.0.1','Mozilla/5.0 (Macintosh; Intel Mac OS X 10_15_7) AppleWebKit/537.36 (KHTML, like Gecko) Chrome/143.0.0.0 Safari/537.36','http://localhost:3001/','2026-01-07 21:42:06'),(62,7,'/dashboard/overview','user','127.0.0.1','Mozilla/5.0 (Macintosh; Intel Mac OS X 10_15_7) AppleWebKit/537.36 (KHTML, like Gecko) Chrome/143.0.0.0 Safari/537.36','http://localhost:3001/','2026-01-07 21:42:11'),(63,7,'/dashboard/settings','user','127.0.0.1','Mozilla/5.0 (Macintosh; Intel Mac OS X 10_15_7) AppleWebKit/537.36 (KHTML, like Gecko) Chrome/143.0.0.0 Safari/537.36','http://localhost:3001/','2026-01-07 21:42:17'),(64,NULL,'/login','user','127.0.0.1','Mozilla/5.0 (Macintosh; Intel Mac OS X 10_15_7) AppleWebKit/537.36 (KHTML, like Gecko) Chrome/143.0.0.0 Safari/537.36','http://localhost:3001/','2026-01-07 21:48:55'),(65,7,'/dashboard/overview','user','127.0.0.1','Mozilla/5.0 (Macintosh; Intel Mac OS X 10_15_7) AppleWebKit/537.36 (KHTML, like Gecko) Chrome/143.0.0.0 Safari/537.36','http://localhost:3001/','2026-01-07 21:49:01'),(66,NULL,'/login','user','127.0.0.1','Mozilla/5.0 (Macintosh; Intel Mac OS X 10_15_7) AppleWebKit/537.36 (KHTML, like Gecko) Chrome/143.0.0.0 Safari/537.36','http://localhost:3001/','2026-01-07 21:55:22'),(67,7,'/dashboard/overview','user','127.0.0.1','Mozilla/5.0 (Macintosh; Intel Mac OS X 10_15_7) AppleWebKit/537.36 (KHTML, like Gecko) Chrome/143.0.0.0 Safari/537.36','http://localhost:3001/','2026-01-07 21:55:23'),(68,NULL,'/login','user','127.0.0.1','Mozilla/5.0 (Macintosh; Intel Mac OS X 10.15; rv:140.0) Gecko/20100101 Firefox/140.0','http://localhost:3001/','2026-01-07 21:57:46'),(69,NULL,'/login','user','127.0.0.1','Mozilla/5.0 (Macintosh; Intel Mac OS X 10.15; rv:140.0) Gecko/20100101 Firefox/140.0','http://localhost:3001/','2026-01-07 21:57:46'),(70,NULL,'/login','user','127.0.0.1','Mozilla/5.0 (Macintosh; Intel Mac OS X 10_15_7) AppleWebKit/537.36 (KHTML, like Gecko) Chrome/143.0.0.0 Safari/537.36','http://localhost:3001/','2026-01-07 21:58:18'),(71,7,'/dashboard/overview','user','127.0.0.1','Mozilla/5.0 (Macintosh; Intel Mac OS X 10_15_7) AppleWebKit/537.36 (KHTML, like Gecko) Chrome/143.0.0.0 Safari/537.36','http://localhost:3001/','2026-01-07 21:58:23'),(72,NULL,'/login','user','127.0.0.1','Mozilla/5.0 (Macintosh; Intel Mac OS X 10_15_7) AppleWebKit/537.36 (KHTML, like Gecko) Chrome/143.0.0.0 Safari/537.36','http://localhost:3001/','2026-01-07 21:59:14'),(73,7,'/dashboard/overview','user','127.0.0.1','Mozilla/5.0 (Macintosh; Intel Mac OS X 10_15_7) AppleWebKit/537.36 (KHTML, like Gecko) Chrome/143.0.0.0 Safari/537.36','http://localhost:3001/','2026-01-07 21:59:40'),(74,NULL,'/register','user','127.0.0.1','Mozilla/5.0 (Macintosh; Intel Mac OS X 10.15; rv:140.0) Gecko/20100101 Firefox/140.0','http://localhost:3001/','2026-01-07 22:01:36'),(75,NULL,'/login','user','127.0.0.1','Mozilla/5.0 (Macintosh; Intel Mac OS X 10.15; rv:140.0) Gecko/20100101 Firefox/140.0','http://localhost:3001/','2026-01-07 22:01:44'),(76,8,'/dashboard/overview','user','127.0.0.1','Mozilla/5.0 (Macintosh; Intel Mac OS X 10.15; rv:140.0) Gecko/20100101 Firefox/140.0','http://localhost:3001/','2026-01-07 22:01:55'),(77,7,'/dashboard/overview','user','127.0.0.1','Mozilla/5.0 (Macintosh; Intel Mac OS X 10_15_7) AppleWebKit/537.36 (KHTML, like Gecko) Chrome/143.0.0.0 Safari/537.36','http://localhost:3001/','2026-01-07 22:03:10'),(78,5,'/dashboard/overview','admin','127.0.0.1','Mozilla/5.0 (Macintosh; Intel Mac OS X 10_15_7) AppleWebKit/537.36 (KHTML, like Gecko) Chrome/143.0.0.0 Safari/537.36','http://localhost:3002/','2026-01-07 22:16:41'),(79,NULL,'/','website','127.0.0.1','Mozilla/5.0 (Macintosh; Intel Mac OS X 10_15_7) AppleWebKit/537.36 (KHTML, like Gecko) Chrome/143.0.0.0 Safari/537.36','http://localhost:3000/','2026-01-07 22:18:11'),(80,5,'/dashboard/overview','admin','127.0.0.1','Mozilla/5.0 (Macintosh; Intel Mac OS X 10_15_7) AppleWebKit/537.36 (KHTML, like Gecko) Chrome/143.0.0.0 Safari/537.36','http://localhost:3002/','2026-01-07 22:18:25'),(81,7,'/dashboard/overview','user','127.0.0.1','Mozilla/5.0 (Macintosh; Intel Mac OS X 10_15_7) AppleWebKit/537.36 (KHTML, like Gecko) Chrome/143.0.0.0 Safari/537.36','http://localhost:3001/','2026-01-07 22:18:28'),(82,NULL,'/pricing','website','127.0.0.1','Mozilla/5.0 (Macintosh; Intel Mac OS X 10_15_7) AppleWebKit/537.36 (KHTML, like Gecko) Chrome/143.0.0.0 Safari/537.36','http://localhost:3000/','2026-01-07 22:18:32'),(83,NULL,'/documentation','website','127.0.0.1','Mozilla/5.0 (Macintosh; Intel Mac OS X 10_15_7) AppleWebKit/537.36 (KHTML, like Gecko) Chrome/143.0.0.0 Safari/537.36','http://localhost:3000/','2026-01-07 22:18:35'),(84,NULL,'/download','website','127.0.0.1','Mozilla/5.0 (Macintosh; Intel Mac OS X 10_15_7) AppleWebKit/537.36 (KHTML, like Gecko) Chrome/143.0.0.0 Safari/537.36','http://localhost:3000/','2026-01-07 22:19:03'),(85,NULL,'/features','website','127.0.0.1','Mozilla/5.0 (Macintosh; Intel Mac OS X 10_15_7) AppleWebKit/537.36 (KHTML, like Gecko) Chrome/143.0.0.0 Safari/537.36','http://localhost:3000/','2026-01-07 22:19:04'),(86,NULL,'/download','website','127.0.0.1','Mozilla/5.0 (Macintosh; Intel Mac OS X 10_15_7) AppleWebKit/537.36 (KHTML, like Gecko) Chrome/143.0.0.0 Safari/537.36','http://localhost:3000/','2026-01-07 22:19:05'),(87,NULL,'/','website','127.0.0.1','Mozilla/5.0 (Macintosh; Intel Mac OS X 10_15_7) AppleWebKit/537.36 (KHTML, like Gecko) Chrome/143.0.0.0 Safari/537.36','http://localhost:3000/','2026-01-07 22:19:32'),(88,5,'/dashboard/overview','admin','127.0.0.1','Mozilla/5.0 (Macintosh; Intel Mac OS X 10_15_7) AppleWebKit/537.36 (KHTML, like Gecko) Chrome/143.0.0.0 Safari/537.36','http://localhost:3002/','2026-01-07 22:25:17'),(89,NULL,'/','website','127.0.0.1','Mozilla/5.0 (Macintosh; Intel Mac OS X 10_15_7) AppleWebKit/537.36 (KHTML, like Gecko) Chrome/143.0.0.0 Safari/537.36','http://localhost:3000/','2026-01-07 22:25:21'),(90,NULL,'/','website','127.0.0.1','Mozilla/5.0 (Macintosh; Intel Mac OS X 10_15_7) AppleWebKit/537.36 (KHTML, like Gecko) Chrome/143.0.0.0 Safari/537.36','http://localhost:3000/','2026-01-07 22:30:56'),(91,5,'/dashboard/overview','admin','127.0.0.1','Mozilla/5.0 (Macintosh; Intel Mac OS X 10_15_7) AppleWebKit/537.36 (KHTML, like Gecko) Chrome/143.0.0.0 Safari/537.36','http://localhost:3002/','2026-01-07 22:31:13'),(92,7,'/dashboard/overview','user','127.0.0.1','Mozilla/5.0 (Macintosh; Intel Mac OS X 10_15_7) AppleWebKit/537.36 (KHTML, like Gecko) Chrome/143.0.0.0 Safari/537.36','http://localhost:3001/','2026-01-07 22:31:16'),(93,5,'/dashboard/overview','admin','127.0.0.1','Mozilla/5.0 (Macintosh; Intel Mac OS X 10_15_7) AppleWebKit/537.36 (KHTML, like Gecko) Chrome/143.0.0.0 Safari/537.36','http://localhost:3002/','2026-01-07 22:31:22'),(94,NULL,'/download','website','127.0.0.1','Mozilla/5.0 (Macintosh; Intel Mac OS X 10_15_7) AppleWebKit/537.36 (KHTML, like Gecko) Chrome/143.0.0.0 Safari/537.36','http://localhost:3000/','2026-01-07 22:31:28'),(95,NULL,'/features','website','127.0.0.1','Mozilla/5.0 (Macintosh; Intel Mac OS X 10_15_7) AppleWebKit/537.36 (KHTML, like Gecko) Chrome/143.0.0.0 Safari/537.36','http://localhost:3000/','2026-01-07 22:31:29'),(96,NULL,'/capabilities','website','127.0.0.1','Mozilla/5.0 (Macintosh; Intel Mac OS X 10_15_7) AppleWebKit/537.36 (KHTML, like Gecko) Chrome/143.0.0.0 Safari/537.36','http://localhost:3000/','2026-01-07 22:31:29'),(97,NULL,'/pricing','website','127.0.0.1','Mozilla/5.0 (Macintosh; Intel Mac OS X 10_15_7) AppleWebKit/537.36 (KHTML, like Gecko) Chrome/143.0.0.0 Safari/537.36','http://localhost:3000/','2026-01-07 22:31:30'),(98,NULL,'/documentation','website','127.0.0.1','Mozilla/5.0 (Macintosh; Intel Mac OS X 10_15_7) AppleWebKit/537.36 (KHTML, like Gecko) Chrome/143.0.0.0 Safari/537.36','http://localhost:3000/','2026-01-07 22:31:31'),(99,5,'/dashboard/overview','admin','127.0.0.1','Mozilla/5.0 (Macintosh; Intel Mac OS X 10_15_7) AppleWebKit/537.36 (KHTML, like Gecko) Chrome/143.0.0.0 Safari/537.36','http://localhost:3002/','2026-01-07 22:31:36'),(100,7,'/dashboard/history','user','127.0.0.1','Mozilla/5.0 (Macintosh; Intel Mac OS X 10_15_7) AppleWebKit/537.36 (KHTML, like Gecko) Chrome/143.0.0.0 Safari/537.36','http://localhost:3001/','2026-01-07 22:31:45'),(101,7,'/dashboard/history','user','127.0.0.1','Mozilla/5.0 (Macintosh; Intel Mac OS X 10_15_7) AppleWebKit/537.36 (KHTML, like Gecko) Chrome/143.0.0.0 Safari/537.36','http://localhost:3001/','2026-01-07 22:31:46'),(102,7,'/dashboard/analysis','user','127.0.0.1','Mozilla/5.0 (Macintosh; Intel Mac OS X 10_15_7) AppleWebKit/537.36 (KHTML, like Gecko) Chrome/143.0.0.0 Safari/537.36','http://localhost:3001/','2026-01-07 22:31:47'),(103,7,'/dashboard/settings','user','127.0.0.1','Mozilla/5.0 (Macintosh; Intel Mac OS X 10_15_7) AppleWebKit/537.36 (KHTML, like Gecko) Chrome/143.0.0.0 Safari/537.36','http://localhost:3001/','2026-01-07 22:31:49'),(104,5,'/dashboard/overview','admin','127.0.0.1','Mozilla/5.0 (Macintosh; Intel Mac OS X 10_15_7) AppleWebKit/537.36 (KHTML, like Gecko) Chrome/143.0.0.0 Safari/537.36','http://localhost:3002/','2026-01-07 22:31:53'),(105,NULL,'/','website','127.0.0.1','Mozilla/5.0 (Macintosh; Intel Mac OS X 10_15_7) AppleWebKit/537.36 (KHTML, like Gecko) Chrome/143.0.0.0 Safari/537.36','http://localhost:3000/','2026-01-07 22:33:14'),(106,NULL,'/capabilities','website','127.0.0.1','Mozilla/5.0 (Macintosh; Intel Mac OS X 10_15_7) AppleWebKit/537.36 (KHTML, like Gecko) Chrome/143.0.0.0 Safari/537.36','http://localhost:3000/','2026-01-07 22:33:21'),(107,NULL,'/pricing','website','127.0.0.1','Mozilla/5.0 (Macintosh; Intel Mac OS X 10_15_7) AppleWebKit/537.36 (KHTML, like Gecko) Chrome/143.0.0.0 Safari/537.36','http://localhost:3000/','2026-01-07 22:33:26'),(108,NULL,'/','website','127.0.0.1','Mozilla/5.0 (Macintosh; Intel Mac OS X 10_15_7) AppleWebKit/537.36 (KHTML, like Gecko) Chrome/143.0.0.0 Safari/537.36','http://localhost:3000/','2026-01-07 22:40:35'),(109,7,'/dashboard/overview','user','127.0.0.1','Mozilla/5.0 (Macintosh; Intel Mac OS X 10_15_7) AppleWebKit/537.36 (KHTML, like Gecko) Chrome/143.0.0.0 Safari/537.36','http://localhost:3001/','2026-01-07 22:40:42'),(110,NULL,'/','website','127.0.0.1','Mozilla/5.0 (Macintosh; Intel Mac OS X 10_15_7) AppleWebKit/537.36 (KHTML, like Gecko) Chrome/143.0.0.0 Safari/537.36','http://localhost:3000/','2026-01-07 22:41:06'),(111,NULL,'/','website','127.0.0.1','Mozilla/5.0 (Macintosh; Intel Mac OS X 10.15; rv:140.0) Gecko/20100101 Firefox/140.0','http://localhost:3000/','2026-01-07 22:41:21'),(112,8,'/dashboard/overview','user','127.0.0.1','Mozilla/5.0 (Macintosh; Intel Mac OS X 10.15; rv:140.0) Gecko/20100101 Firefox/140.0','http://localhost:3001/','2026-01-07 22:41:31'),(113,NULL,'/login','user','127.0.0.1','Mozilla/5.0 (Macintosh; Intel Mac OS X 10.15; rv:146.0) Gecko/20100101 Firefox/146.0','http://localhost:3001/','2026-01-07 22:42:02'),(114,8,'/api/v1/auth/login','user','127.0.0.1','Mozilla/5.0 (Macintosh; Intel Mac OS X 10.15; rv:146.0) Gecko/20100101 Firefox/146.0',NULL,'2026-01-07 22:42:35'),(115,8,'/dashboard/overview','user','127.0.0.1','Mozilla/5.0 (Macintosh; Intel Mac OS X 10.15; rv:146.0) Gecko/20100101 Firefox/146.0','http://localhost:3001/','2026-01-07 22:42:35'),(116,5,'/dashboard/overview','admin','127.0.0.1','Mozilla/5.0 (Macintosh; Intel Mac OS X 10_15_7) AppleWebKit/537.36 (KHTML, like Gecko) Chrome/143.0.0.0 Safari/537.36','http://localhost:3002/','2026-01-07 22:43:09'),(117,5,'/dashboard/overview','admin','127.0.0.1','Mozilla/5.0 (Macintosh; Intel Mac OS X 10_15_7) AppleWebKit/537.36 (KHTML, like Gecko) Chrome/143.0.0.0 Safari/537.36','http://localhost:3002/','2026-01-07 22:44:05'),(118,7,'/dashboard/overview','user','127.0.0.1','Mozilla/5.0 (Macintosh; Intel Mac OS X 10_15_7) AppleWebKit/537.36 (KHTML, like Gecko) Chrome/143.0.0.0 Safari/537.36','http://localhost:3001/','2026-01-07 22:47:16'),(119,NULL,'/login','user','127.0.0.1','Mozilla/5.0 (Macintosh; Intel Mac OS X 10.15; rv:146.0) Gecko/20100101 Firefox/146.0','http://localhost:3001/','2026-01-07 22:47:25'),(120,NULL,'/register','user','127.0.0.1','Mozilla/5.0 (Macintosh; Intel Mac OS X 10.15; rv:146.0) Gecko/20100101 Firefox/146.0','http://localhost:3001/','2026-01-07 22:47:29'),(121,NULL,'/login','user','127.0.0.1','Mozilla/5.0 (Macintosh; Intel Mac OS X 10.15; rv:146.0) Gecko/20100101 Firefox/146.0','http://localhost:3001/','2026-01-07 22:48:04'),(122,9,'/api/v1/auth/login','user','127.0.0.1','Mozilla/5.0 (Macintosh; Intel Mac OS X 10.15; rv:146.0) Gecko/20100101 Firefox/146.0',NULL,'2026-01-07 22:48:15'),(123,9,'/dashboard/overview','user','127.0.0.1','Mozilla/5.0 (Macintosh; Intel Mac OS X 10.15; rv:146.0) Gecko/20100101 Firefox/146.0','http://localhost:3001/','2026-01-07 22:48:15'),(124,5,'/dashboard/overview','admin','127.0.0.1','Mozilla/5.0 (Macintosh; Intel Mac OS X 10_15_7) AppleWebKit/537.36 (KHTML, like Gecko) Chrome/143.0.0.0 Safari/537.36','http://localhost:3002/','2026-01-07 22:48:34'),(125,5,'/dashboard/overview','admin','127.0.0.1','Mozilla/5.0 (Macintosh; Intel Mac OS X 10_15_7) AppleWebKit/537.36 (KHTML, like Gecko) Chrome/143.0.0.0 Safari/537.36','http://localhost:3002/','2026-01-07 23:06:53'),(126,5,'/dashboard/overview','admin','127.0.0.1','Mozilla/5.0 (Macintosh; Intel Mac OS X 10_15_7) AppleWebKit/537.36 (KHTML, like Gecko) Chrome/143.0.0.0 Safari/537.36','http://localhost:3002/','2026-01-07 23:07:30'),(127,5,'/dashboard/overview','admin','127.0.0.1','Mozilla/5.0 (Macintosh; Intel Mac OS X 10_15_7) AppleWebKit/537.36 (KHTML, like Gecko) Chrome/143.0.0.0 Safari/537.36','http://localhost:3002/','2026-01-07 23:07:41'),(128,NULL,'/login?redirect=/dashboard/overview','admin','127.0.0.1','Mozilla/5.0 (Macintosh; Intel Mac OS X 10_15_7) AppleWebKit/537.36 (KHTML, like Gecko) Chrome/143.0.0.0 Safari/537.36','http://localhost:3002/','2026-01-07 23:08:52'),(129,5,'/api/admin/login','admin','127.0.0.1','Mozilla/5.0 (Macintosh; Intel Mac OS X 10_15_7) AppleWebKit/537.36 (KHTML, like Gecko) Chrome/143.0.0.0 Safari/537.36',NULL,'2026-01-07 23:09:04'),(130,5,'/dashboard/overview','admin','127.0.0.1','Mozilla/5.0 (Macintosh; Intel Mac OS X 10_15_7) AppleWebKit/537.36 (KHTML, like Gecko) Chrome/143.0.0.0 Safari/537.36','http://localhost:3002/','2026-01-07 23:09:05'),(131,5,'/user/list','admin','127.0.0.1','Mozilla/5.0 (Macintosh; Intel Mac OS X 10_15_7) AppleWebKit/537.36 (KHTML, like Gecko) Chrome/143.0.0.0 Safari/537.36','http://localhost:3002/','2026-01-07 23:17:36'),(132,5,'/user/verification','admin','127.0.0.1','Mozilla/5.0 (Macintosh; Intel Mac OS X 10_15_7) AppleWebKit/537.36 (KHTML, like Gecko) Chrome/143.0.0.0 Safari/537.36','http://localhost:3002/','2026-01-07 23:17:37'),(133,5,'/user/tags','admin','127.0.0.1','Mozilla/5.0 (Macintosh; Intel Mac OS X 10_15_7) AppleWebKit/537.36 (KHTML, like Gecko) Chrome/143.0.0.0 Safari/537.36','http://localhost:3002/','2026-01-07 23:17:38'),(134,5,'/user/list','admin','127.0.0.1','Mozilla/5.0 (Macintosh; Intel Mac OS X 10_15_7) AppleWebKit/537.36 (KHTML, like Gecko) Chrome/143.0.0.0 Safari/537.36','http://localhost:3002/','2026-01-07 23:17:39'),(135,5,'/dashboard/overview','admin','127.0.0.1','Mozilla/5.0 (Macintosh; Intel Mac OS X 10_15_7) AppleWebKit/537.36 (KHTML, like Gecko) Chrome/143.0.0.0 Safari/537.36','http://localhost:3002/','2026-01-07 23:20:25'),(136,NULL,'/','website','127.0.0.1','Mozilla/5.0 (Macintosh; Intel Mac OS X 10_15_7) AppleWebKit/537.36 (KHTML, like Gecko) Chrome/143.0.0.0 Safari/537.36','http://localhost:3000/','2026-01-07 23:22:04'),(137,5,'/content/faq','admin','127.0.0.1','Mozilla/5.0 (Macintosh; Intel Mac OS X 10_15_7) AppleWebKit/537.36 (KHTML, like Gecko) Chrome/143.0.0.0 Safari/537.36','http://localhost:3002/','2026-01-07 23:25:07'),(138,5,'/content/announcement','admin','127.0.0.1','Mozilla/5.0 (Macintosh; Intel Mac OS X 10_15_7) AppleWebKit/537.36 (KHTML, like Gecko) Chrome/143.0.0.0 Safari/537.36','http://localhost:3002/','2026-01-07 23:25:08'),(139,5,'/dashboard/overview','admin','127.0.0.1','Mozilla/5.0 (Macintosh; Intel Mac OS X 10_15_7) AppleWebKit/537.36 (KHTML, like Gecko) Chrome/143.0.0.0 Safari/537.36','http://localhost:3002/','2026-01-07 23:34:47'),(140,5,'/user/list','admin','127.0.0.1','Mozilla/5.0 (Macintosh; Intel Mac OS X 10_15_7) AppleWebKit/537.36 (KHTML, like Gecko) Chrome/143.0.0.0 Safari/537.36','http://localhost:3002/','2026-01-07 23:43:07'),(141,5,'/user/tags','admin','127.0.0.1','Mozilla/5.0 (Macintosh; Intel Mac OS X 10_15_7) AppleWebKit/537.36 (KHTML, like Gecko) Chrome/143.0.0.0 Safari/537.36','http://localhost:3002/','2026-01-07 23:46:01'),(142,5,'/user/verification','admin','127.0.0.1','Mozilla/5.0 (Macintosh; Intel Mac OS X 10_15_7) AppleWebKit/537.36 (KHTML, like Gecko) Chrome/143.0.0.0 Safari/537.36','http://localhost:3002/','2026-01-07 23:46:03'),(143,5,'/permission/role','admin','127.0.0.1','Mozilla/5.0 (Macintosh; Intel Mac OS X 10_15_7) AppleWebKit/537.36 (KHTML, like Gecko) Chrome/143.0.0.0 Safari/537.36','http://localhost:3002/','2026-01-07 23:46:08'),(144,5,'/user/list','admin','127.0.0.1','Mozilla/5.0 (Macintosh; Intel Mac OS X 10_15_7) AppleWebKit/537.36 (KHTML, like Gecko) Chrome/143.0.0.0 Safari/537.36','http://localhost:3002/','2026-01-07 23:46:14'),(145,5,'/user/verification','admin','127.0.0.1','Mozilla/5.0 (Macintosh; Intel Mac OS X 10_15_7) AppleWebKit/537.36 (KHTML, like Gecko) Chrome/143.0.0.0 Safari/537.36','http://localhost:3002/','2026-01-07 23:55:29'),(146,5,'/user/list','admin','127.0.0.1','Mozilla/5.0 (Macintosh; Intel Mac OS X 10_15_7) AppleWebKit/537.36 (KHTML, like Gecko) Chrome/143.0.0.0 Safari/537.36','http://localhost:3002/','2026-01-07 23:55:29'),(147,5,'/user/list','admin','127.0.0.1','Mozilla/5.0 (Macintosh; Intel Mac OS X 10_15_7) AppleWebKit/537.36 (KHTML, like Gecko) Chrome/143.0.0.0 Safari/537.36','http://localhost:3002/','2026-01-07 23:55:29'),(148,5,'/user/list','admin','127.0.0.1','Mozilla/5.0 (Macintosh; Intel Mac OS X 10_15_7) AppleWebKit/537.36 (KHTML, like Gecko) Chrome/143.0.0.0 Safari/537.36','http://localhost:3002/','2026-01-07 23:57:21'),(149,5,'/permission/role','admin','127.0.0.1','Mozilla/5.0 (Macintosh; Intel Mac OS X 10_15_7) AppleWebKit/537.36 (KHTML, like Gecko) Chrome/143.0.0.0 Safari/537.36','http://localhost:3002/','2026-01-07 23:58:10'),(150,5,'/permission/management','admin','127.0.0.1','Mozilla/5.0 (Macintosh; Intel Mac OS X 10_15_7) AppleWebKit/537.36 (KHTML, like Gecko) Chrome/143.0.0.0 Safari/537.36','http://localhost:3002/','2026-01-07 23:58:13'),(151,5,'/permission/role','admin','127.0.0.1','Mozilla/5.0 (Macintosh; Intel Mac OS X 10_15_7) AppleWebKit/537.36 (KHTML, like Gecko) Chrome/143.0.0.0 Safari/537.36','http://localhost:3002/','2026-01-07 23:58:14'),(152,5,'/permission/management','admin','127.0.0.1','Mozilla/5.0 (Macintosh; Intel Mac OS X 10_15_7) AppleWebKit/537.36 (KHTML, like Gecko) Chrome/143.0.0.0 Safari/537.36','http://localhost:3002/','2026-01-07 23:58:18'),(153,5,'/permission/admin','admin','127.0.0.1','Mozilla/5.0 (Macintosh; Intel Mac OS X 10_15_7) AppleWebKit/537.36 (KHTML, like Gecko) Chrome/143.0.0.0 Safari/537.36','http://localhost:3002/','2026-01-07 23:58:19'),(154,5,'/user/list','admin','127.0.0.1','Mozilla/5.0 (Macintosh; Intel Mac OS X 10_15_7) AppleWebKit/537.36 (KHTML, like Gecko) Chrome/143.0.0.0 Safari/537.36','http://localhost:3002/','2026-01-07 23:58:25'),(155,5,'/user/verification','admin','127.0.0.1','Mozilla/5.0 (Macintosh; Intel Mac OS X 10_15_7) AppleWebKit/537.36 (KHTML, like Gecko) Chrome/143.0.0.0 Safari/537.36','http://localhost:3002/','2026-01-08 00:04:41'),(156,5,'/user/list','admin','127.0.0.1','Mozilla/5.0 (Macintosh; Intel Mac OS X 10_15_7) AppleWebKit/537.36 (KHTML, like Gecko) Chrome/143.0.0.0 Safari/537.36','http://localhost:3002/','2026-01-08 00:04:42'),(157,5,'/recognition/records','admin','127.0.0.1','Mozilla/5.0 (Macintosh; Intel Mac OS X 10_15_7) AppleWebKit/537.36 (KHTML, like Gecko) Chrome/143.0.0.0 Safari/537.36','http://localhost:3002/','2026-01-08 00:10:10'),(158,5,'/recognition/tasks','admin','127.0.0.1','Mozilla/5.0 (Macintosh; Intel Mac OS X 10_15_7) AppleWebKit/537.36 (KHTML, like Gecko) Chrome/143.0.0.0 Safari/537.36','http://localhost:3002/','2026-01-08 00:10:14'),(159,5,'/statistics/user','admin','127.0.0.1','Mozilla/5.0 (Macintosh; Intel Mac OS X 10_15_7) AppleWebKit/537.36 (KHTML, like Gecko) Chrome/143.0.0.0 Safari/537.36','http://localhost:3002/','2026-01-08 00:10:19'),(160,5,'/finance/orders','admin','127.0.0.1','Mozilla/5.0 (Macintosh; Intel Mac OS X 10_15_7) AppleWebKit/537.36 (KHTML, like Gecko) Chrome/143.0.0.0 Safari/537.36','http://localhost:3002/','2026-01-08 00:10:24'),(161,5,'/finance/packages','admin','127.0.0.1','Mozilla/5.0 (Macintosh; Intel Mac OS X 10_15_7) AppleWebKit/537.36 (KHTML, like Gecko) Chrome/143.0.0.0 Safari/537.36','http://localhost:3002/','2026-01-08 00:10:38'),(162,5,'/finance/reports','admin','127.0.0.1','Mozilla/5.0 (Macintosh; Intel Mac OS X 10_15_7) AppleWebKit/537.36 (KHTML, like Gecko) Chrome/143.0.0.0 Safari/537.36','http://localhost:3002/','2026-01-08 00:10:39'),(163,5,'/statistics/user','admin','127.0.0.1','Mozilla/5.0 (Macintosh; Intel Mac OS X 10_15_7) AppleWebKit/537.36 (KHTML, like Gecko) Chrome/143.0.0.0 Safari/537.36','http://localhost:3002/','2026-01-08 00:10:39'),(164,5,'/statistics/recognition','admin','127.0.0.1','Mozilla/5.0 (Macintosh; Intel Mac OS X 10_15_7) AppleWebKit/537.36 (KHTML, like Gecko) Chrome/143.0.0.0 Safari/537.36','http://localhost:3002/','2026-01-08 00:10:40'),(165,5,'/statistics/board','admin','127.0.0.1','Mozilla/5.0 (Macintosh; Intel Mac OS X 10_15_7) AppleWebKit/537.36 (KHTML, like Gecko) Chrome/143.0.0.0 Safari/537.36','http://localhost:3002/','2026-01-08 00:10:41'),(166,5,'/permission/management','admin','127.0.0.1','Mozilla/5.0 (Macintosh; Intel Mac OS X 10_15_7) AppleWebKit/537.36 (KHTML, like Gecko) Chrome/143.0.0.0 Safari/537.36','http://localhost:3002/','2026-01-08 00:10:51'),(167,5,'/permission/role','admin','127.0.0.1','Mozilla/5.0 (Macintosh; Intel Mac OS X 10_15_7) AppleWebKit/537.36 (KHTML, like Gecko) Chrome/143.0.0.0 Safari/537.36','http://localhost:3002/','2026-01-08 00:10:52'),(168,5,'/user/list','admin','127.0.0.1','Mozilla/5.0 (Macintosh; Intel Mac OS X 10_15_7) AppleWebKit/537.36 (KHTML, like Gecko) Chrome/143.0.0.0 Safari/537.36','http://localhost:3002/','2026-01-08 00:10:53'),(169,5,'/user/list','admin','127.0.0.1','Mozilla/5.0 (Macintosh; Intel Mac OS X 10_15_7) AppleWebKit/537.36 (KHTML, like Gecko) Chrome/143.0.0.0 Safari/537.36','http://localhost:3002/','2026-01-08 00:10:57'),(170,5,'/user/list','admin','127.0.0.1','Mozilla/5.0 (Macintosh; Intel Mac OS X 10_15_7) AppleWebKit/537.36 (KHTML, like Gecko) Chrome/143.0.0.0 Safari/537.36','http://localhost:3002/','2026-01-08 00:38:23'),(171,5,'/user/list','admin','127.0.0.1','Mozilla/5.0 (Macintosh; Intel Mac OS X 10_15_7) AppleWebKit/537.36 (KHTML, like Gecko) Chrome/143.0.0.0 Safari/537.36','http://localhost:3002/','2026-01-08 00:51:45'),(172,5,'/user/list','admin','127.0.0.1','Mozilla/5.0 (Macintosh; Intel Mac OS X 10_15_7) AppleWebKit/537.36 (KHTML, like Gecko) Chrome/143.0.0.0 Safari/537.36','http://localhost:3002/','2026-01-08 00:55:35'),(173,7,'/dashboard/overview','user','127.0.0.1','Mozilla/5.0 (Macintosh; Intel Mac OS X 10_15_7) AppleWebKit/537.36 (KHTML, like Gecko) Chrome/143.0.0.0 Safari/537.36','http://localhost:3001/','2026-01-08 00:55:51'),(174,7,'/dashboard/overview','user','127.0.0.1','Mozilla/5.0 (Macintosh; Intel Mac OS X 10_15_7) AppleWebKit/537.36 (KHTML, like Gecko) Chrome/143.0.0.0 Safari/537.36','http://localhost:3001/','2026-01-08 00:56:00'),(175,7,'/dashboard/overview','user','127.0.0.1','Mozilla/5.0 (Macintosh; Intel Mac OS X 10_15_7) AppleWebKit/537.36 (KHTML, like Gecko) Chrome/143.0.0.0 Safari/537.36','http://localhost:3001/','2026-01-08 00:56:32'),(176,7,'/dashboard/overview','user','127.0.0.1','Mozilla/5.0 (Macintosh; Intel Mac OS X 10_15_7) AppleWebKit/537.36 (KHTML, like Gecko) Chrome/143.0.0.0 Safari/537.36','http://localhost:3001/','2026-01-08 00:56:32'),(177,5,'/user/list','admin','127.0.0.1','Mozilla/5.0 (Macintosh; Intel Mac OS X 10_15_7) AppleWebKit/537.36 (KHTML, like Gecko) Chrome/143.0.0.0 Safari/537.36','http://localhost:3002/','2026-01-08 00:57:33'),(178,5,'/user/list','admin','127.0.0.1','Mozilla/5.0 (Macintosh; Intel Mac OS X 10_15_7) AppleWebKit/537.36 (KHTML, like Gecko) Chrome/143.0.0.0 Safari/537.36','http://localhost:3002/','2026-01-08 00:57:39'),(179,7,'/dashboard/overview','user','127.0.0.1','Mozilla/5.0 (Macintosh; Intel Mac OS X 10_15_7) AppleWebKit/537.36 (KHTML, like Gecko) Chrome/143.0.0.0 Safari/537.36','http://localhost:3001/','2026-01-08 00:57:46'),(180,5,'/user/list','admin','127.0.0.1','Mozilla/5.0 (Macintosh; Intel Mac OS X 10_15_7) AppleWebKit/537.36 (KHTML, like Gecko) Chrome/143.0.0.0 Safari/537.36','http://localhost:3002/','2026-01-08 00:58:23'),(181,5,'/user/list','admin','127.0.0.1','Mozilla/5.0 (Macintosh; Intel Mac OS X 10_15_7) AppleWebKit/537.36 (KHTML, like Gecko) Chrome/143.0.0.0 Safari/537.36','http://localhost:3002/','2026-01-08 01:00:28'),(182,7,'/dashboard/overview','user','127.0.0.1','Mozilla/5.0 (Macintosh; Intel Mac OS X 10_15_7) AppleWebKit/537.36 (KHTML, like Gecko) Chrome/143.0.0.0 Safari/537.36','http://localhost:3001/','2026-01-08 01:00:28'),(183,7,'/dashboard/overview','user','127.0.0.1','Mozilla/5.0 (Macintosh; Intel Mac OS X 10_15_7) AppleWebKit/537.36 (KHTML, like Gecko) Chrome/143.0.0.0 Safari/537.36','http://localhost:3001/','2026-01-08 01:00:35'),(184,7,'/dashboard/recognition','user','127.0.0.1','Mozilla/5.0 (Macintosh; Intel Mac OS X 10_15_7) AppleWebKit/537.36 (KHTML, like Gecko) Chrome/143.0.0.0 Safari/537.36','http://localhost:3001/','2026-01-08 01:00:40'),(185,7,'/dashboard/overview','user','127.0.0.1','Mozilla/5.0 (Macintosh; Intel Mac OS X 10_15_7) AppleWebKit/537.36 (KHTML, like Gecko) Chrome/143.0.0.0 Safari/537.36','http://localhost:3001/','2026-01-08 01:00:40'),(186,7,'/dashboard/overview','user','127.0.0.1','Mozilla/5.0 (Macintosh; Intel Mac OS X 10_15_7) AppleWebKit/537.36 (KHTML, like Gecko) Chrome/143.0.0.0 Safari/537.36','http://localhost:3001/','2026-01-08 01:00:56'),(187,NULL,'/login','user','127.0.0.1','Mozilla/5.0 (Macintosh; Intel Mac OS X 10_15_7) AppleWebKit/537.36 (KHTML, like Gecko) Chrome/143.0.0.0 Safari/537.36','http://localhost:3001/','2026-01-08 01:01:51'),(188,7,'/api/v1/auth/login','user','127.0.0.1','Mozilla/5.0 (Macintosh; Intel Mac OS X 10_15_7) AppleWebKit/537.36 (KHTML, like Gecko) Chrome/143.0.0.0 Safari/537.36',NULL,'2026-01-08 01:01:56'),(189,7,'/dashboard/overview','user','127.0.0.1','Mozilla/5.0 (Macintosh; Intel Mac OS X 10_15_7) AppleWebKit/537.36 (KHTML, like Gecko) Chrome/143.0.0.0 Safari/537.36','http://localhost:3001/','2026-01-08 01:01:57'),(190,5,'/user/list','admin','127.0.0.1','Mozilla/5.0 (Macintosh; Intel Mac OS X 10_15_7) AppleWebKit/537.36 (KHTML, like Gecko) Chrome/143.0.0.0 Safari/537.36','http://localhost:3002/','2026-01-08 01:02:07'),(191,5,'/user/list','admin','127.0.0.1','Mozilla/5.0 (Macintosh; Intel Mac OS X 10_15_7) AppleWebKit/537.36 (KHTML, like Gecko) Chrome/143.0.0.0 Safari/537.36','http://localhost:3002/','2026-01-08 01:03:19'),(192,5,'/user/list','admin','127.0.0.1','Mozilla/5.0 (Macintosh; Intel Mac OS X 10_15_7) AppleWebKit/537.36 (KHTML, like Gecko) Chrome/143.0.0.0 Safari/537.36','http://localhost:3002/','2026-01-08 01:03:41'),(193,5,'/user/list','admin','127.0.0.1','Mozilla/5.0 (Macintosh; Intel Mac OS X 10_15_7) AppleWebKit/537.36 (KHTML, like Gecko) Chrome/143.0.0.0 Safari/537.36','http://localhost:3002/','2026-01-08 01:04:08'),(194,5,'/user/list','admin','127.0.0.1','Mozilla/5.0 (Macintosh; Intel Mac OS X 10_15_7) AppleWebKit/537.36 (KHTML, like Gecko) Chrome/143.0.0.0 Safari/537.36','http://localhost:3002/','2026-01-08 01:04:48'),(195,7,'/dashboard/analysis','user','127.0.0.1','Mozilla/5.0 (Macintosh; Intel Mac OS X 10_15_7) AppleWebKit/537.36 (KHTML, like Gecko) Chrome/143.0.0.0 Safari/537.36','http://localhost:3001/','2026-01-08 01:08:17'),(196,7,'/dashboard/analysis','user','127.0.0.1','Mozilla/5.0 (Macintosh; Intel Mac OS X 10_15_7) AppleWebKit/537.36 (KHTML, like Gecko) Chrome/143.0.0.0 Safari/537.36','http://localhost:3001/','2026-01-08 01:08:22'),(197,7,'/dashboard/analysis','user','127.0.0.1','Mozilla/5.0 (Macintosh; Intel Mac OS X 10_15_7) AppleWebKit/537.36 (KHTML, like Gecko) Chrome/143.0.0.0 Safari/537.36','http://localhost:3001/','2026-01-08 01:11:25'),(198,7,'/dashboard/analysis','user','127.0.0.1','Mozilla/5.0 (Macintosh; Intel Mac OS X 10_15_7) AppleWebKit/537.36 (KHTML, like Gecko) Chrome/143.0.0.0 Safari/537.36','http://localhost:3001/','2026-01-08 01:12:37'),(199,NULL,'/','website','127.0.0.1','Mozilla/5.0 (Macintosh; Intel Mac OS X 10_15_7) AppleWebKit/537.36 (KHTML, like Gecko) Chrome/143.0.0.0 Safari/537.36','http://localhost:3000/','2026-01-08 01:12:55'),(200,NULL,'/login','user','127.0.0.1','Mozilla/5.0 (Macintosh; Intel Mac OS X 10_15_7) AppleWebKit/537.36 (KHTML, like Gecko) Chrome/143.0.0.0 Safari/537.36','http://localhost:3001/','2026-01-08 01:13:15'),(201,7,'/api/v1/auth/login','user','127.0.0.1','Mozilla/5.0 (Macintosh; Intel Mac OS X 10_15_7) AppleWebKit/537.36 (KHTML, like Gecko) Chrome/143.0.0.0 Safari/537.36',NULL,'2026-01-08 01:13:19'),(202,7,'/dashboard/overview','user','127.0.0.1','Mozilla/5.0 (Macintosh; Intel Mac OS X 10_15_7) AppleWebKit/537.36 (KHTML, like Gecko) Chrome/143.0.0.0 Safari/537.36','http://localhost:3001/','2026-01-08 01:13:19'),(203,5,'/user/list','admin','127.0.0.1','Mozilla/5.0 (Macintosh; Intel Mac OS X 10_15_7) AppleWebKit/537.36 (KHTML, like Gecko) Chrome/143.0.0.0 Safari/537.36','http://localhost:3002/','2026-01-08 01:13:23'),(204,7,'/dashboard/history','user','127.0.0.1','Mozilla/5.0 (Macintosh; Intel Mac OS X 10_15_7) AppleWebKit/537.36 (KHTML, like Gecko) Chrome/143.0.0.0 Safari/537.36','http://localhost:3001/','2026-01-08 01:13:37'),(205,NULL,'/login','user','127.0.0.1','Mozilla/5.0 (Macintosh; Intel Mac OS X 10_15_7) AppleWebKit/537.36 (KHTML, like Gecko) Chrome/143.0.0.0 Safari/537.36','http://localhost:3001/','2026-01-08 01:21:34'),(206,7,'/api/v1/auth/login','user','127.0.0.1','Mozilla/5.0 (Macintosh; Intel Mac OS X 10_15_7) AppleWebKit/537.36 (KHTML, like Gecko) Chrome/143.0.0.0 Safari/537.36',NULL,'2026-01-08 01:23:05'),(207,7,'/dashboard/overview','user','127.0.0.1','Mozilla/5.0 (Macintosh; Intel Mac OS X 10_15_7) AppleWebKit/537.36 (KHTML, like Gecko) Chrome/143.0.0.0 Safari/537.36','http://localhost:3001/','2026-01-08 01:23:06'),(208,5,'/user/list','admin','127.0.0.1','Mozilla/5.0 (Macintosh; Intel Mac OS X 10_15_7) AppleWebKit/537.36 (KHTML, like Gecko) Chrome/143.0.0.0 Safari/537.36','http://localhost:3002/','2026-01-08 01:23:12'),(209,7,'/dashboard/overview','user','127.0.0.1','Mozilla/5.0 (Macintosh; Intel Mac OS X 10_15_7) AppleWebKit/537.36 (KHTML, like Gecko) Chrome/143.0.0.0 Safari/537.36','http://localhost:3001/','2026-01-08 01:25:02'),(210,NULL,'/login','user','127.0.0.1','Mozilla/5.0 (Macintosh; Intel Mac OS X 10_15_7) AppleWebKit/537.36 (KHTML, like Gecko) Chrome/143.0.0.0 Safari/537.36','http://localhost:3001/','2026-01-08 01:25:05'),(211,7,'/api/v1/auth/login','user','127.0.0.1','Mozilla/5.0 (Macintosh; Intel Mac OS X 10_15_7) AppleWebKit/537.36 (KHTML, like Gecko) Chrome/143.0.0.0 Safari/537.36',NULL,'2026-01-08 01:25:18'),(212,7,'/dashboard/overview','user','127.0.0.1','Mozilla/5.0 (Macintosh; Intel Mac OS X 10_15_7) AppleWebKit/537.36 (KHTML, like Gecko) Chrome/143.0.0.0 Safari/537.36','http://localhost:3001/','2026-01-08 01:25:18'),(213,5,'/user/list','admin','127.0.0.1','Mozilla/5.0 (Macintosh; Intel Mac OS X 10_15_7) AppleWebKit/537.36 (KHTML, like Gecko) Chrome/143.0.0.0 Safari/537.36','http://localhost:3002/','2026-01-08 01:25:21'),(214,NULL,'/login','user','127.0.0.1','Mozilla/5.0 (Macintosh; Intel Mac OS X 10_15_7) AppleWebKit/537.36 (KHTML, like Gecko) Chrome/143.0.0.0 Safari/537.36','http://localhost:3001/','2026-01-08 01:25:30'),(215,7,'/api/v1/auth/login','user','127.0.0.1','Mozilla/5.0 (Macintosh; Intel Mac OS X 10_15_7) AppleWebKit/537.36 (KHTML, like Gecko) Chrome/143.0.0.0 Safari/537.36',NULL,'2026-01-08 01:25:35'),(216,7,'/dashboard/overview','user','127.0.0.1','Mozilla/5.0 (Macintosh; Intel Mac OS X 10_15_7) AppleWebKit/537.36 (KHTML, like Gecko) Chrome/143.0.0.0 Safari/537.36','http://localhost:3001/','2026-01-08 01:25:36'),(217,7,'/dashboard/recognition','user','127.0.0.1','Mozilla/5.0 (Macintosh; Intel Mac OS X 10_15_7) AppleWebKit/537.36 (KHTML, like Gecko) Chrome/143.0.0.0 Safari/537.36','http://localhost:3001/','2026-01-08 01:25:38'),(218,7,'/dashboard/history','user','127.0.0.1','Mozilla/5.0 (Macintosh; Intel Mac OS X 10_15_7) AppleWebKit/537.36 (KHTML, like Gecko) Chrome/143.0.0.0 Safari/537.36','http://localhost:3001/','2026-01-08 01:25:39'),(219,7,'/dashboard/recognition','user','127.0.0.1','Mozilla/5.0 (Macintosh; Intel Mac OS X 10_15_7) AppleWebKit/537.36 (KHTML, like Gecko) Chrome/143.0.0.0 Safari/537.36','http://localhost:3001/','2026-01-08 01:25:41'),(220,7,'/dashboard/overview','user','127.0.0.1','Mozilla/5.0 (Macintosh; Intel Mac OS X 10_15_7) AppleWebKit/537.36 (KHTML, like Gecko) Chrome/143.0.0.0 Safari/537.36','http://localhost:3001/','2026-01-08 01:29:26'),(221,7,'/dashboard/overview','user','127.0.0.1','Mozilla/5.0 (Macintosh; Intel Mac OS X 10_15_7) AppleWebKit/537.36 (KHTML, like Gecko) Chrome/143.0.0.0 Safari/537.36','http://localhost:3001/','2026-01-08 01:29:29'),(222,7,'/dashboard/overview','user','127.0.0.1','Mozilla/5.0 (Macintosh; Intel Mac OS X 10_15_7) AppleWebKit/537.36 (KHTML, like Gecko) Chrome/143.0.0.0 Safari/537.36','http://localhost:3001/','2026-01-08 01:30:12'),(223,7,'/dashboard/overview','user','127.0.0.1','Mozilla/5.0 (Macintosh; Intel Mac OS X 10_15_7) AppleWebKit/537.36 (KHTML, like Gecko) Chrome/143.0.0.0 Safari/537.36','http://localhost:3001/','2026-01-08 01:30:44'),(224,7,'/dashboard/history','user','127.0.0.1','Mozilla/5.0 (Macintosh; Intel Mac OS X 10_15_7) AppleWebKit/537.36 (KHTML, like Gecko) Chrome/143.0.0.0 Safari/537.36','http://localhost:3001/','2026-01-08 01:30:52'),(225,7,'/dashboard/history','user','127.0.0.1','Mozilla/5.0 (Macintosh; Intel Mac OS X 10_15_7) AppleWebKit/537.36 (KHTML, like Gecko) Chrome/143.0.0.0 Safari/537.36','http://localhost:3001/','2026-01-08 01:30:53'),(226,7,'/dashboard/analysis','user','127.0.0.1','Mozilla/5.0 (Macintosh; Intel Mac OS X 10_15_7) AppleWebKit/537.36 (KHTML, like Gecko) Chrome/143.0.0.0 Safari/537.36','http://localhost:3001/','2026-01-08 01:30:54'),(227,7,'/dashboard/recognition','user','127.0.0.1','Mozilla/5.0 (Macintosh; Intel Mac OS X 10_15_7) AppleWebKit/537.36 (KHTML, like Gecko) Chrome/143.0.0.0 Safari/537.36','http://localhost:3001/','2026-01-08 01:30:57'),(228,7,'/dashboard/overview','user','127.0.0.1','Mozilla/5.0 (Macintosh; Intel Mac OS X 10_15_7) AppleWebKit/537.36 (KHTML, like Gecko) Chrome/143.0.0.0 Safari/537.36','http://localhost:3001/','2026-01-08 01:31:08'),(229,7,'/dashboard/recognition','user','127.0.0.1','Mozilla/5.0 (Macintosh; Intel Mac OS X 10_15_7) AppleWebKit/537.36 (KHTML, like Gecko) Chrome/143.0.0.0 Safari/537.36','http://localhost:3001/','2026-01-08 01:31:10'),(230,7,'/dashboard/overview','user','127.0.0.1','Mozilla/5.0 (Macintosh; Intel Mac OS X 10_15_7) AppleWebKit/537.36 (KHTML, like Gecko) Chrome/143.0.0.0 Safari/537.36','http://localhost:3001/','2026-01-08 01:31:10'),(231,7,'/dashboard/overview','user','127.0.0.1','Mozilla/5.0 (Macintosh; Intel Mac OS X 10_15_7) AppleWebKit/537.36 (KHTML, like Gecko) Chrome/143.0.0.0 Safari/537.36','http://localhost:3001/','2026-01-08 01:31:12'),(232,7,'/dashboard/history','user','127.0.0.1','Mozilla/5.0 (Macintosh; Intel Mac OS X 10_15_7) AppleWebKit/537.36 (KHTML, like Gecko) Chrome/143.0.0.0 Safari/537.36','http://localhost:3001/','2026-01-08 01:31:13'),(233,7,'/dashboard/analysis','user','127.0.0.1','Mozilla/5.0 (Macintosh; Intel Mac OS X 10_15_7) AppleWebKit/537.36 (KHTML, like Gecko) Chrome/143.0.0.0 Safari/537.36','http://localhost:3001/','2026-01-08 01:31:15'),(234,7,'/dashboard/analysis','user','127.0.0.1','Mozilla/5.0 (Macintosh; Intel Mac OS X 10_15_7) AppleWebKit/537.36 (KHTML, like Gecko) Chrome/143.0.0.0 Safari/537.36','http://localhost:3001/','2026-01-08 01:34:37'),(235,7,'/dashboard/overview','user','127.0.0.1','Mozilla/5.0 (Macintosh; Intel Mac OS X 10_15_7) AppleWebKit/537.36 (KHTML, like Gecko) Chrome/143.0.0.0 Safari/537.36','http://localhost:3001/','2026-01-08 01:34:40'),(236,7,'/dashboard/overview','user','127.0.0.1','Mozilla/5.0 (Macintosh; Intel Mac OS X 10_15_7) AppleWebKit/537.36 (KHTML, like Gecko) Chrome/143.0.0.0 Safari/537.36','http://localhost:3001/','2026-01-08 01:34:42'),(237,7,'/dashboard/recognition','user','127.0.0.1','Mozilla/5.0 (Macintosh; Intel Mac OS X 10_15_7) AppleWebKit/537.36 (KHTML, like Gecko) Chrome/143.0.0.0 Safari/537.36','http://localhost:3001/','2026-01-08 01:34:43'),(238,7,'/dashboard/overview','user','127.0.0.1','Mozilla/5.0 (Macintosh; Intel Mac OS X 10_15_7) AppleWebKit/537.36 (KHTML, like Gecko) Chrome/143.0.0.0 Safari/537.36','http://localhost:3001/','2026-01-08 01:34:54'),(239,7,'/dashboard/analysis','user','127.0.0.1','Mozilla/5.0 (Macintosh; Intel Mac OS X 10_15_7) AppleWebKit/537.36 (KHTML, like Gecko) Chrome/143.0.0.0 Safari/537.36','http://localhost:3001/','2026-01-08 01:34:57'),(240,7,'/dashboard/analysis','user','127.0.0.1','Mozilla/5.0 (Macintosh; Intel Mac OS X 10_15_7) AppleWebKit/537.36 (KHTML, like Gecko) Chrome/143.0.0.0 Safari/537.36','http://localhost:3001/','2026-01-08 01:44:06'),(241,7,'/dashboard/recognition','user','127.0.0.1','Mozilla/5.0 (Macintosh; Intel Mac OS X 10_15_7) AppleWebKit/537.36 (KHTML, like Gecko) Chrome/143.0.0.0 Safari/537.36','http://localhost:3001/','2026-01-08 01:44:10'),(242,7,'/dashboard/history','user','127.0.0.1','Mozilla/5.0 (Macintosh; Intel Mac OS X 10_15_7) AppleWebKit/537.36 (KHTML, like Gecko) Chrome/143.0.0.0 Safari/537.36','http://localhost:3001/','2026-01-08 01:44:10'),(243,7,'/dashboard/recognition','user','127.0.0.1','Mozilla/5.0 (Macintosh; Intel Mac OS X 10_15_7) AppleWebKit/537.36 (KHTML, like Gecko) Chrome/143.0.0.0 Safari/537.36','http://localhost:3001/','2026-01-08 01:44:11'),(244,7,'/dashboard/history','user','127.0.0.1','Mozilla/5.0 (Macintosh; Intel Mac OS X 10_15_7) AppleWebKit/537.36 (KHTML, like Gecko) Chrome/143.0.0.0 Safari/537.36','http://localhost:3001/','2026-01-08 01:45:26'),(245,7,'/dashboard/analysis','user','127.0.0.1','Mozilla/5.0 (Macintosh; Intel Mac OS X 10_15_7) AppleWebKit/537.36 (KHTML, like Gecko) Chrome/143.0.0.0 Safari/537.36','http://localhost:3001/','2026-01-08 01:45:28'),(246,7,'/dashboard/history','user','127.0.0.1','Mozilla/5.0 (Macintosh; Intel Mac OS X 10_15_7) AppleWebKit/537.36 (KHTML, like Gecko) Chrome/143.0.0.0 Safari/537.36','http://localhost:3001/','2026-01-08 01:48:28'),(247,7,'/dashboard/recognition','user','127.0.0.1','Mozilla/5.0 (Macintosh; Intel Mac OS X 10_15_7) AppleWebKit/537.36 (KHTML, like Gecko) Chrome/143.0.0.0 Safari/537.36','http://localhost:3001/','2026-01-08 01:48:30'),(248,5,'/user/list','admin','127.0.0.1','Mozilla/5.0 (Macintosh; Intel Mac OS X 10_15_7) AppleWebKit/537.36 (KHTML, like Gecko) Chrome/143.0.0.0 Safari/537.36','http://localhost:3002/','2026-01-08 02:29:06'),(249,5,'/permission/role','admin','127.0.0.1','Mozilla/5.0 (Macintosh; Intel Mac OS X 10_15_7) AppleWebKit/537.36 (KHTML, like Gecko) Chrome/143.0.0.0 Safari/537.36','http://localhost:3002/','2026-01-08 02:30:19'),(250,5,'/permission/admin','admin','127.0.0.1','Mozilla/5.0 (Macintosh; Intel Mac OS X 10_15_7) AppleWebKit/537.36 (KHTML, like Gecko) Chrome/143.0.0.0 Safari/537.36','http://localhost:3002/','2026-01-08 02:30:21'),(251,5,'/permission/management','admin','127.0.0.1','Mozilla/5.0 (Macintosh; Intel Mac OS X 10_15_7) AppleWebKit/537.36 (KHTML, like Gecko) Chrome/143.0.0.0 Safari/537.36','http://localhost:3002/','2026-01-08 02:30:23'),(252,5,'/permission/role','admin','127.0.0.1','Mozilla/5.0 (Macintosh; Intel Mac OS X 10_15_7) AppleWebKit/537.36 (KHTML, like Gecko) Chrome/143.0.0.0 Safari/537.36','http://localhost:3002/','2026-01-08 02:30:24'),(253,5,'/user/list','admin','127.0.0.1','Mozilla/5.0 (Macintosh; Intel Mac OS X 10_15_7) AppleWebKit/537.36 (KHTML, like Gecko) Chrome/143.0.0.0 Safari/537.36','http://localhost:3002/','2026-01-08 02:30:25'),(254,5,'/user/list','admin','127.0.0.1','Mozilla/5.0 (Macintosh; Intel Mac OS X 10_15_7) AppleWebKit/537.36 (KHTML, like Gecko) Chrome/143.0.0.0 Safari/537.36','http://localhost:3002/','2026-01-08 02:34:53'),(255,5,'/user/verification','admin','127.0.0.1','Mozilla/5.0 (Macintosh; Intel Mac OS X 10_15_7) AppleWebKit/537.36 (KHTML, like Gecko) Chrome/143.0.0.0 Safari/537.36','http://localhost:3002/','2026-01-08 02:37:53'),(256,5,'/user/verification','admin','127.0.0.1','Mozilla/5.0 (Macintosh; Intel Mac OS X 10_15_7) AppleWebKit/537.36 (KHTML, like Gecko) Chrome/143.0.0.0 Safari/537.36','http://localhost:3002/','2026-01-08 02:42:41'),(257,5,'/user/verification','admin','127.0.0.1','Mozilla/5.0 (Macintosh; Intel Mac OS X 10_15_7) AppleWebKit/537.36 (KHTML, like Gecko) Chrome/143.0.0.0 Safari/537.36','http://localhost:3002/','2026-01-08 02:43:09'),(258,5,'/user/verification','admin','127.0.0.1','Mozilla/5.0 (Macintosh; Intel Mac OS X 10_15_7) AppleWebKit/537.36 (KHTML, like Gecko) Chrome/143.0.0.0 Safari/537.36','http://localhost:3002/','2026-01-08 02:45:20'),(259,5,'/user/tags','admin','127.0.0.1','Mozilla/5.0 (Macintosh; Intel Mac OS X 10_15_7) AppleWebKit/537.36 (KHTML, like Gecko) Chrome/143.0.0.0 Safari/537.36','http://localhost:3002/','2026-01-08 02:45:47'),(260,5,'/user/verification','admin','127.0.0.1','Mozilla/5.0 (Macintosh; Intel Mac OS X 10_15_7) AppleWebKit/537.36 (KHTML, like Gecko) Chrome/143.0.0.0 Safari/537.36','http://localhost:3002/','2026-01-08 02:45:49'),(261,5,'/user/tags','admin','127.0.0.1','Mozilla/5.0 (Macintosh; Intel Mac OS X 10_15_7) AppleWebKit/537.36 (KHTML, like Gecko) Chrome/143.0.0.0 Safari/537.36','http://localhost:3002/','2026-01-08 02:45:49'),(262,5,'/user/tags','admin','127.0.0.1','Mozilla/5.0 (Macintosh; Intel Mac OS X 10_15_7) AppleWebKit/537.36 (KHTML, like Gecko) Chrome/143.0.0.0 Safari/537.36','http://localhost:3002/','2026-01-08 02:45:51'),(263,5,'/user/verification','admin','127.0.0.1','Mozilla/5.0 (Macintosh; Intel Mac OS X 10_15_7) AppleWebKit/537.36 (KHTML, like Gecko) Chrome/143.0.0.0 Safari/537.36','http://localhost:3002/','2026-01-08 02:45:52'),(264,5,'/user/verification','admin','127.0.0.1','Mozilla/5.0 (Macintosh; Intel Mac OS X 10_15_7) AppleWebKit/537.36 (KHTML, like Gecko) Chrome/143.0.0.0 Safari/537.36','http://localhost:3002/','2026-01-08 02:55:47'),(265,5,'/user/verification','admin','127.0.0.1','Mozilla/5.0 (Macintosh; Intel Mac OS X 10_15_7) AppleWebKit/537.36 (KHTML, like Gecko) Chrome/143.0.0.0 Safari/537.36','http://localhost:3002/','2026-01-08 02:56:10'),(266,5,'/user/list','admin','127.0.0.1','Mozilla/5.0 (Macintosh; Intel Mac OS X 10_15_7) AppleWebKit/537.36 (KHTML, like Gecko) Chrome/143.0.0.0 Safari/537.36','http://localhost:3002/','2026-01-08 02:56:18'),(267,5,'/user/verification','admin','127.0.0.1','Mozilla/5.0 (Macintosh; Intel Mac OS X 10_15_7) AppleWebKit/537.36 (KHTML, like Gecko) Chrome/143.0.0.0 Safari/537.36','http://localhost:3002/','2026-01-08 02:56:20'),(268,5,'/user/verification','admin','127.0.0.1','Mozilla/5.0 (Macintosh; Intel Mac OS X 10_15_7) AppleWebKit/537.36 (KHTML, like Gecko) Chrome/143.0.0.0 Safari/537.36','http://localhost:3002/','2026-01-08 02:59:05'),(269,5,'/user/verification','admin','127.0.0.1','Mozilla/5.0 (Macintosh; Intel Mac OS X 10_15_7) AppleWebKit/537.36 (KHTML, like Gecko) Chrome/143.0.0.0 Safari/537.36','http://localhost:3002/','2026-01-08 03:01:08'),(270,5,'/user/verification','admin','127.0.0.1','Mozilla/5.0 (Macintosh; Intel Mac OS X 10_15_7) AppleWebKit/537.36 (KHTML, like Gecko) Chrome/143.0.0.0 Safari/537.36','http://localhost:3002/','2026-01-08 03:01:31'),(271,5,'/user/verification','admin','127.0.0.1','Mozilla/5.0 (Macintosh; Intel Mac OS X 10_15_7) AppleWebKit/537.36 (KHTML, like Gecko) Chrome/143.0.0.0 Safari/537.36','http://localhost:3002/','2026-01-08 03:01:56'),(272,5,'/user/list','admin','127.0.0.1','Mozilla/5.0 (Macintosh; Intel Mac OS X 10_15_7) AppleWebKit/537.36 (KHTML, like Gecko) Chrome/143.0.0.0 Safari/537.36','http://localhost:3002/','2026-01-08 03:03:10'),(273,5,'/user/list','admin','127.0.0.1','Mozilla/5.0 (Macintosh; Intel Mac OS X 10_15_7) AppleWebKit/537.36 (KHTML, like Gecko) Chrome/143.0.0.0 Safari/537.36','http://localhost:3002/','2026-01-08 03:06:14'),(274,5,'/user/verification','admin','127.0.0.1','Mozilla/5.0 (Macintosh; Intel Mac OS X 10_15_7) AppleWebKit/537.36 (KHTML, like Gecko) Chrome/143.0.0.0 Safari/537.36','http://localhost:3002/','2026-01-08 03:07:34'),(275,5,'/user/list','admin','127.0.0.1','Mozilla/5.0 (Macintosh; Intel Mac OS X 10_15_7) AppleWebKit/537.36 (KHTML, like Gecko) Chrome/143.0.0.0 Safari/537.36','http://localhost:3002/','2026-01-08 03:07:44'),(276,5,'/user/list','admin','127.0.0.1','Mozilla/5.0 (Macintosh; Intel Mac OS X 10_15_7) AppleWebKit/537.36 (KHTML, like Gecko) Chrome/143.0.0.0 Safari/537.36','http://localhost:3002/','2026-01-08 03:09:41'),(277,5,'/user/list','admin','127.0.0.1','Mozilla/5.0 (Macintosh; Intel Mac OS X 10_15_7) AppleWebKit/537.36 (KHTML, like Gecko) Chrome/143.0.0.0 Safari/537.36','http://localhost:3002/','2026-01-08 03:10:29'),(278,5,'/user/verification','admin','127.0.0.1','Mozilla/5.0 (Macintosh; Intel Mac OS X 10_15_7) AppleWebKit/537.36 (KHTML, like Gecko) Chrome/143.0.0.0 Safari/537.36','http://localhost:3002/','2026-01-08 03:11:33'),(279,5,'/user/list','admin','127.0.0.1','Mozilla/5.0 (Macintosh; Intel Mac OS X 10_15_7) AppleWebKit/537.36 (KHTML, like Gecko) Chrome/143.0.0.0 Safari/537.36','http://localhost:3002/','2026-01-08 03:16:38'),(280,5,'/user/list','admin','127.0.0.1','Mozilla/5.0 (Macintosh; Intel Mac OS X 10_15_7) AppleWebKit/537.36 (KHTML, like Gecko) Chrome/143.0.0.0 Safari/537.36','http://localhost:3002/','2026-01-08 03:31:22'),(281,5,'/user/list','admin','127.0.0.1','Mozilla/5.0 (Macintosh; Intel Mac OS X 10_15_7) AppleWebKit/537.36 (KHTML, like Gecko) Chrome/143.0.0.0 Safari/537.36','http://localhost:3002/','2026-01-08 03:32:06'),(282,5,'/user/verification','admin','127.0.0.1','Mozilla/5.0 (Macintosh; Intel Mac OS X 10_15_7) AppleWebKit/537.36 (KHTML, like Gecko) Chrome/143.0.0.0 Safari/537.36','http://localhost:3002/','2026-01-08 03:32:33'),(283,5,'/user/verification','admin','127.0.0.1','Mozilla/5.0 (Macintosh; Intel Mac OS X 10_15_7) AppleWebKit/537.36 (KHTML, like Gecko) Chrome/143.0.0.0 Safari/537.36','http://localhost:3002/','2026-01-08 03:32:40'),(284,5,'/user/list','admin','127.0.0.1','Mozilla/5.0 (Macintosh; Intel Mac OS X 10_15_7) AppleWebKit/537.36 (KHTML, like Gecko) Chrome/143.0.0.0 Safari/537.36','http://localhost:3002/','2026-01-08 03:32:41'),(285,7,'/dashboard/history','user','127.0.0.1','Mozilla/5.0 (Macintosh; Intel Mac OS X 10_15_7) AppleWebKit/537.36 (KHTML, like Gecko) Chrome/143.0.0.0 Safari/537.36','http://localhost:3001/','2026-01-08 03:33:56'),(286,7,'/dashboard/analysis','user','127.0.0.1','Mozilla/5.0 (Macintosh; Intel Mac OS X 10_15_7) AppleWebKit/537.36 (KHTML, like Gecko) Chrome/143.0.0.0 Safari/537.36','http://localhost:3001/','2026-01-08 03:33:58'),(287,7,'/dashboard/overview','user','127.0.0.1','Mozilla/5.0 (Macintosh; Intel Mac OS X 10_15_7) AppleWebKit/537.36 (KHTML, like Gecko) Chrome/143.0.0.0 Safari/537.36','http://localhost:3001/','2026-01-08 03:34:00'),(288,5,'/user/list','admin','127.0.0.1','Mozilla/5.0 (Macintosh; Intel Mac OS X 10_15_7) AppleWebKit/537.36 (KHTML, like Gecko) Chrome/143.0.0.0 Safari/537.36','http://localhost:3002/','2026-01-08 03:35:56'),(289,5,'/user/list','admin','127.0.0.1','Mozilla/5.0 (Macintosh; Intel Mac OS X 10_15_7) AppleWebKit/537.36 (KHTML, like Gecko) Chrome/143.0.0.0 Safari/537.36','http://localhost:3002/','2026-01-08 03:40:21'),(290,5,'/user/verification','admin','127.0.0.1','Mozilla/5.0 (Macintosh; Intel Mac OS X 10_15_7) AppleWebKit/537.36 (KHTML, like Gecko) Chrome/143.0.0.0 Safari/537.36','http://localhost:3002/','2026-01-08 03:42:06'),(291,5,'/user/list','admin','127.0.0.1','Mozilla/5.0 (Macintosh; Intel Mac OS X 10_15_7) AppleWebKit/537.36 (KHTML, like Gecko) Chrome/143.0.0.0 Safari/537.36','http://localhost:3002/','2026-01-08 03:45:06'),(292,5,'/user/verification','admin','127.0.0.1','Mozilla/5.0 (Macintosh; Intel Mac OS X 10_15_7) AppleWebKit/537.36 (KHTML, like Gecko) Chrome/143.0.0.0 Safari/537.36','http://localhost:3002/','2026-01-08 03:45:20'),(293,5,'/permission/role','admin','127.0.0.1','Mozilla/5.0 (Macintosh; Intel Mac OS X 10_15_7) AppleWebKit/537.36 (KHTML, like Gecko) Chrome/143.0.0.0 Safari/537.36','http://localhost:3002/','2026-01-08 03:45:25'),(294,5,'/permission/management','admin','127.0.0.1','Mozilla/5.0 (Macintosh; Intel Mac OS X 10_15_7) AppleWebKit/537.36 (KHTML, like Gecko) Chrome/143.0.0.0 Safari/537.36','http://localhost:3002/','2026-01-08 03:45:27'),(295,5,'/permission/admin','admin','127.0.0.1','Mozilla/5.0 (Macintosh; Intel Mac OS X 10_15_7) AppleWebKit/537.36 (KHTML, like Gecko) Chrome/143.0.0.0 Safari/537.36','http://localhost:3002/','2026-01-08 03:45:28'),(296,5,'/permission/role','admin','127.0.0.1','Mozilla/5.0 (Macintosh; Intel Mac OS X 10_15_7) AppleWebKit/537.36 (KHTML, like Gecko) Chrome/143.0.0.0 Safari/537.36','http://localhost:3002/','2026-01-08 03:45:29'),(297,5,'/permission/management','admin','127.0.0.1','Mozilla/5.0 (Macintosh; Intel Mac OS X 10_15_7) AppleWebKit/537.36 (KHTML, like Gecko) Chrome/143.0.0.0 Safari/537.36','http://localhost:3002/','2026-01-08 03:45:30'),(298,5,'/permission/admin','admin','127.0.0.1','Mozilla/5.0 (Macintosh; Intel Mac OS X 10_15_7) AppleWebKit/537.36 (KHTML, like Gecko) Chrome/143.0.0.0 Safari/537.36','http://localhost:3002/','2026-01-08 03:45:30'),(299,5,'/permission/management','admin','127.0.0.1','Mozilla/5.0 (Macintosh; Intel Mac OS X 10_15_7) AppleWebKit/537.36 (KHTML, like Gecko) Chrome/143.0.0.0 Safari/537.36','http://localhost:3002/','2026-01-08 03:50:15'),(300,5,'/permission/role','admin','127.0.0.1','Mozilla/5.0 (Macintosh; Intel Mac OS X 10_15_7) AppleWebKit/537.36 (KHTML, like Gecko) Chrome/143.0.0.0 Safari/537.36','http://localhost:3002/','2026-01-08 03:50:16'),(301,5,'/permission/admin','admin','127.0.0.1','Mozilla/5.0 (Macintosh; Intel Mac OS X 10_15_7) AppleWebKit/537.36 (KHTML, like Gecko) Chrome/143.0.0.0 Safari/537.36','http://localhost:3002/','2026-01-08 03:50:17'),(302,5,'/permission/role','admin','127.0.0.1','Mozilla/5.0 (Macintosh; Intel Mac OS X 10_15_7) AppleWebKit/537.36 (KHTML, like Gecko) Chrome/143.0.0.0 Safari/537.36','http://localhost:3002/','2026-01-08 03:50:18'),(303,5,'/permission/management','admin','127.0.0.1','Mozilla/5.0 (Macintosh; Intel Mac OS X 10_15_7) AppleWebKit/537.36 (KHTML, like Gecko) Chrome/143.0.0.0 Safari/537.36','http://localhost:3002/','2026-01-08 03:50:18'),(304,5,'/permission/role','admin','127.0.0.1','Mozilla/5.0 (Macintosh; Intel Mac OS X 10_15_7) AppleWebKit/537.36 (KHTML, like Gecko) Chrome/143.0.0.0 Safari/537.36','http://localhost:3002/','2026-01-08 03:50:39'),(305,5,'/permission/admin','admin','127.0.0.1','Mozilla/5.0 (Macintosh; Intel Mac OS X 10_15_7) AppleWebKit/537.36 (KHTML, like Gecko) Chrome/143.0.0.0 Safari/537.36','http://localhost:3002/','2026-01-08 03:50:41'),(306,5,'/permission/management','admin','127.0.0.1','Mozilla/5.0 (Macintosh; Intel Mac OS X 10_15_7) AppleWebKit/537.36 (KHTML, like Gecko) Chrome/143.0.0.0 Safari/537.36','http://localhost:3002/','2026-01-08 03:51:48'),(307,5,'/permission/role','admin','127.0.0.1','Mozilla/5.0 (Macintosh; Intel Mac OS X 10_15_7) AppleWebKit/537.36 (KHTML, like Gecko) Chrome/143.0.0.0 Safari/537.36','http://localhost:3002/','2026-01-08 03:59:46'),(308,5,'/permission/admin','admin','127.0.0.1','Mozilla/5.0 (Macintosh; Intel Mac OS X 10_15_7) AppleWebKit/537.36 (KHTML, like Gecko) Chrome/143.0.0.0 Safari/537.36','http://localhost:3002/','2026-01-08 03:59:47'),(309,5,'/permission/role','admin','127.0.0.1','Mozilla/5.0 (Macintosh; Intel Mac OS X 10_15_7) AppleWebKit/537.36 (KHTML, like Gecko) Chrome/143.0.0.0 Safari/537.36','http://localhost:3002/','2026-01-08 03:59:48'),(310,5,'/permission/role','admin','127.0.0.1','Mozilla/5.0 (Macintosh; Intel Mac OS X 10_15_7) AppleWebKit/537.36 (KHTML, like Gecko) Chrome/143.0.0.0 Safari/537.36','http://localhost:3002/','2026-01-08 04:03:21'),(311,5,'/permission/role','admin','127.0.0.1','Mozilla/5.0 (Macintosh; Intel Mac OS X 10_15_7) AppleWebKit/537.36 (KHTML, like Gecko) Chrome/143.0.0.0 Safari/537.36','http://localhost:3002/','2026-01-08 04:03:28'),(312,5,'/user/list','admin','127.0.0.1','Mozilla/5.0 (Macintosh; Intel Mac OS X 10_15_7) AppleWebKit/537.36 (KHTML, like Gecko) Chrome/143.0.0.0 Safari/537.36','http://localhost:3002/','2026-01-08 04:03:59'),(313,5,'/user/tags','admin','127.0.0.1','Mozilla/5.0 (Macintosh; Intel Mac OS X 10_15_7) AppleWebKit/537.36 (KHTML, like Gecko) Chrome/143.0.0.0 Safari/537.36','http://localhost:3002/','2026-01-08 04:04:12'),(314,5,'/user/verification','admin','127.0.0.1','Mozilla/5.0 (Macintosh; Intel Mac OS X 10_15_7) AppleWebKit/537.36 (KHTML, like Gecko) Chrome/143.0.0.0 Safari/537.36','http://localhost:3002/','2026-01-08 04:04:12'),(315,5,'/permission/role','admin','127.0.0.1','Mozilla/5.0 (Macintosh; Intel Mac OS X 10_15_7) AppleWebKit/537.36 (KHTML, like Gecko) Chrome/143.0.0.0 Safari/537.36','http://localhost:3002/','2026-01-08 04:04:16'),(316,5,'/permission/admin','admin','127.0.0.1','Mozilla/5.0 (Macintosh; Intel Mac OS X 10_15_7) AppleWebKit/537.36 (KHTML, like Gecko) Chrome/143.0.0.0 Safari/537.36','http://localhost:3002/','2026-01-08 04:04:18'),(317,5,'/permission/management','admin','127.0.0.1','Mozilla/5.0 (Macintosh; Intel Mac OS X 10_15_7) AppleWebKit/537.36 (KHTML, like Gecko) Chrome/143.0.0.0 Safari/537.36','http://localhost:3002/','2026-01-08 04:04:22'),(318,5,'/permission/role','admin','127.0.0.1','Mozilla/5.0 (Macintosh; Intel Mac OS X 10_15_7) AppleWebKit/537.36 (KHTML, like Gecko) Chrome/143.0.0.0 Safari/537.36','http://localhost:3002/','2026-01-08 04:04:23'),(319,5,'/permission/management','admin','127.0.0.1','Mozilla/5.0 (Macintosh; Intel Mac OS X 10_15_7) AppleWebKit/537.36 (KHTML, like Gecko) Chrome/143.0.0.0 Safari/537.36','http://localhost:3002/','2026-01-08 04:04:24'),(320,5,'/permission/role','admin','127.0.0.1','Mozilla/5.0 (Macintosh; Intel Mac OS X 10_15_7) AppleWebKit/537.36 (KHTML, like Gecko) Chrome/143.0.0.0 Safari/537.36','http://localhost:3002/','2026-01-08 04:04:25'),(321,5,'/permission/role','admin','127.0.0.1','Mozilla/5.0 (Macintosh; Intel Mac OS X 10_15_7) AppleWebKit/537.36 (KHTML, like Gecko) Chrome/143.0.0.0 Safari/537.36','http://localhost:3002/','2026-01-08 04:04:45'),(322,5,'/permission/admin','admin','127.0.0.1','Mozilla/5.0 (Macintosh; Intel Mac OS X 10_15_7) AppleWebKit/537.36 (KHTML, like Gecko) Chrome/143.0.0.0 Safari/537.36','http://localhost:3002/','2026-01-08 04:04:47'),(323,5,'/permission/role','admin','127.0.0.1','Mozilla/5.0 (Macintosh; Intel Mac OS X 10_15_7) AppleWebKit/537.36 (KHTML, like Gecko) Chrome/143.0.0.0 Safari/537.36','http://localhost:3002/','2026-01-08 04:04:47'),(324,5,'/permission/role','admin','127.0.0.1','Mozilla/5.0 (Macintosh; Intel Mac OS X 10_15_7) AppleWebKit/537.36 (KHTML, like Gecko) Chrome/143.0.0.0 Safari/537.36','http://localhost:3002/','2026-01-08 04:05:27'),(325,5,'/permission/role','admin','127.0.0.1','Mozilla/5.0 (Macintosh; Intel Mac OS X 10_15_7) AppleWebKit/537.36 (KHTML, like Gecko) Chrome/143.0.0.0 Safari/537.36','http://localhost:3002/','2026-01-08 04:05:30'),(326,5,'/permission/management','admin','127.0.0.1','Mozilla/5.0 (Macintosh; Intel Mac OS X 10_15_7) AppleWebKit/537.36 (KHTML, like Gecko) Chrome/143.0.0.0 Safari/537.36','http://localhost:3002/','2026-01-08 04:05:35'),(327,5,'/permission/admin','admin','127.0.0.1','Mozilla/5.0 (Macintosh; Intel Mac OS X 10_15_7) AppleWebKit/537.36 (KHTML, like Gecko) Chrome/143.0.0.0 Safari/537.36','http://localhost:3002/','2026-01-08 04:05:36'),(328,5,'/permission/management','admin','127.0.0.1','Mozilla/5.0 (Macintosh; Intel Mac OS X 10_15_7) AppleWebKit/537.36 (KHTML, like Gecko) Chrome/143.0.0.0 Safari/537.36','http://localhost:3002/','2026-01-08 04:05:43'),(329,5,'/permission/admin','admin','127.0.0.1','Mozilla/5.0 (Macintosh; Intel Mac OS X 10_15_7) AppleWebKit/537.36 (KHTML, like Gecko) Chrome/143.0.0.0 Safari/537.36','http://localhost:3002/','2026-01-08 04:05:44'),(330,5,'/permission/role','admin','127.0.0.1','Mozilla/5.0 (Macintosh; Intel Mac OS X 10_15_7) AppleWebKit/537.36 (KHTML, like Gecko) Chrome/143.0.0.0 Safari/537.36','http://localhost:3002/','2026-01-08 04:05:45'),(331,5,'/permission/role','admin','127.0.0.1','Mozilla/5.0 (Macintosh; Intel Mac OS X 10_15_7) AppleWebKit/537.36 (KHTML, like Gecko) Chrome/143.0.0.0 Safari/537.36','http://localhost:3002/','2026-01-08 04:06:09'),(332,5,'/permission/admin','admin','127.0.0.1','Mozilla/5.0 (Macintosh; Intel Mac OS X 10_15_7) AppleWebKit/537.36 (KHTML, like Gecko) Chrome/143.0.0.0 Safari/537.36','http://localhost:3002/','2026-01-08 04:06:14'),(333,5,'/permission/admin','admin','127.0.0.1','Mozilla/5.0 (Macintosh; Intel Mac OS X 10_15_7) AppleWebKit/537.36 (KHTML, like Gecko) Chrome/143.0.0.0 Safari/537.36','http://localhost:3002/','2026-01-08 04:06:23'),(334,5,'/permission/management','admin','127.0.0.1','Mozilla/5.0 (Macintosh; Intel Mac OS X 10_15_7) AppleWebKit/537.36 (KHTML, like Gecko) Chrome/143.0.0.0 Safari/537.36','http://localhost:3002/','2026-01-08 04:06:25'),(335,5,'/permission/role','admin','127.0.0.1','Mozilla/5.0 (Macintosh; Intel Mac OS X 10_15_7) AppleWebKit/537.36 (KHTML, like Gecko) Chrome/143.0.0.0 Safari/537.36','http://localhost:3002/','2026-01-08 04:06:29'),(336,5,'/permission/management','admin','127.0.0.1','Mozilla/5.0 (Macintosh; Intel Mac OS X 10_15_7) AppleWebKit/537.36 (KHTML, like Gecko) Chrome/143.0.0.0 Safari/537.36','http://localhost:3002/','2026-01-08 04:06:42'),(337,5,'/permission/admin','admin','127.0.0.1','Mozilla/5.0 (Macintosh; Intel Mac OS X 10_15_7) AppleWebKit/537.36 (KHTML, like Gecko) Chrome/143.0.0.0 Safari/537.36','http://localhost:3002/','2026-01-08 04:06:42'),(338,5,'/permission/role','admin','127.0.0.1','Mozilla/5.0 (Macintosh; Intel Mac OS X 10_15_7) AppleWebKit/537.36 (KHTML, like Gecko) Chrome/143.0.0.0 Safari/537.36','http://localhost:3002/','2026-01-08 04:06:43'),(339,5,'/permission/management','admin','127.0.0.1','Mozilla/5.0 (Macintosh; Intel Mac OS X 10_15_7) AppleWebKit/537.36 (KHTML, like Gecko) Chrome/143.0.0.0 Safari/537.36','http://localhost:3002/','2026-01-08 04:08:10'),(340,5,'/permission/management','admin','127.0.0.1','Mozilla/5.0 (Macintosh; Intel Mac OS X 10_15_7) AppleWebKit/537.36 (KHTML, like Gecko) Chrome/143.0.0.0 Safari/537.36','http://localhost:3002/','2026-01-08 04:08:11'),(341,5,'/permission/admin','admin','127.0.0.1','Mozilla/5.0 (Macintosh; Intel Mac OS X 10_15_7) AppleWebKit/537.36 (KHTML, like Gecko) Chrome/143.0.0.0 Safari/537.36','http://localhost:3002/','2026-01-08 04:08:11'),(342,5,'/permission/role','admin','127.0.0.1','Mozilla/5.0 (Macintosh; Intel Mac OS X 10_15_7) AppleWebKit/537.36 (KHTML, like Gecko) Chrome/143.0.0.0 Safari/537.36','http://localhost:3002/','2026-01-08 04:08:12'),(343,5,'/permission/admin','admin','127.0.0.1','Mozilla/5.0 (Macintosh; Intel Mac OS X 10_15_7) AppleWebKit/537.36 (KHTML, like Gecko) Chrome/143.0.0.0 Safari/537.36','http://localhost:3002/','2026-01-08 04:13:04'),(344,5,'/permission/role','admin','127.0.0.1','Mozilla/5.0 (Macintosh; Intel Mac OS X 10_15_7) AppleWebKit/537.36 (KHTML, like Gecko) Chrome/143.0.0.0 Safari/537.36','http://localhost:3002/','2026-01-08 04:13:06'),(345,5,'/permission/management','admin','127.0.0.1','Mozilla/5.0 (Macintosh; Intel Mac OS X 10_15_7) AppleWebKit/537.36 (KHTML, like Gecko) Chrome/143.0.0.0 Safari/537.36','http://localhost:3002/','2026-01-08 04:13:07'),(346,5,'/permission/role','admin','127.0.0.1','Mozilla/5.0 (Macintosh; Intel Mac OS X 10_15_7) AppleWebKit/537.36 (KHTML, like Gecko) Chrome/143.0.0.0 Safari/537.36','http://localhost:3002/','2026-01-08 04:17:12'),(347,5,'/permission/management','admin','127.0.0.1','Mozilla/5.0 (Macintosh; Intel Mac OS X 10_15_7) AppleWebKit/537.36 (KHTML, like Gecko) Chrome/143.0.0.0 Safari/537.36','http://localhost:3002/','2026-01-08 04:17:12'),(348,5,'/permission/role','admin','127.0.0.1','Mozilla/5.0 (Macintosh; Intel Mac OS X 10_15_7) AppleWebKit/537.36 (KHTML, like Gecko) Chrome/143.0.0.0 Safari/537.36','http://localhost:3002/','2026-01-08 04:23:12'),(349,5,'/permission/management','admin','127.0.0.1','Mozilla/5.0 (Macintosh; Intel Mac OS X 10_15_7) AppleWebKit/537.36 (KHTML, like Gecko) Chrome/143.0.0.0 Safari/537.36','http://localhost:3002/','2026-01-08 04:23:18'),(350,5,'/permission/role','admin','127.0.0.1','Mozilla/5.0 (Macintosh; Intel Mac OS X 10_15_7) AppleWebKit/537.36 (KHTML, like Gecko) Chrome/143.0.0.0 Safari/537.36','http://localhost:3002/','2026-01-08 04:23:33'),(351,5,'/permission/management','admin','127.0.0.1','Mozilla/5.0 (Macintosh; Intel Mac OS X 10_15_7) AppleWebKit/537.36 (KHTML, like Gecko) Chrome/143.0.0.0 Safari/537.36','http://localhost:3002/','2026-01-08 04:31:38'),(352,5,'/permission/admin','admin','127.0.0.1','Mozilla/5.0 (Macintosh; Intel Mac OS X 10_15_7) AppleWebKit/537.36 (KHTML, like Gecko) Chrome/143.0.0.0 Safari/537.36','http://localhost:3002/','2026-01-08 04:31:40'),(353,5,'/permission/role','admin','127.0.0.1','Mozilla/5.0 (Macintosh; Intel Mac OS X 10_15_7) AppleWebKit/537.36 (KHTML, like Gecko) Chrome/143.0.0.0 Safari/537.36','http://localhost:3002/','2026-01-08 04:31:41'),(354,5,'/permission/role','admin','127.0.0.1','Mozilla/5.0 (Macintosh; Intel Mac OS X 10_15_7) AppleWebKit/537.36 (KHTML, like Gecko) Chrome/143.0.0.0 Safari/537.36','http://localhost:3002/','2026-01-08 04:32:02'),(355,5,'/permission/management','admin','127.0.0.1','Mozilla/5.0 (Macintosh; Intel Mac OS X 10_15_7) AppleWebKit/537.36 (KHTML, like Gecko) Chrome/143.0.0.0 Safari/537.36','http://localhost:3002/','2026-01-08 04:32:59'),(356,5,'/permission/management','admin','127.0.0.1','Mozilla/5.0 (Macintosh; Intel Mac OS X 10_15_7) AppleWebKit/537.36 (KHTML, like Gecko) Chrome/143.0.0.0 Safari/537.36','http://localhost:3002/','2026-01-08 04:32:59'),(357,5,'/permission/admin','admin','127.0.0.1','Mozilla/5.0 (Macintosh; Intel Mac OS X 10_15_7) AppleWebKit/537.36 (KHTML, like Gecko) Chrome/143.0.0.0 Safari/537.36','http://localhost:3002/','2026-01-08 04:34:13'),(358,5,'/permission/role','admin','127.0.0.1','Mozilla/5.0 (Macintosh; Intel Mac OS X 10_15_7) AppleWebKit/537.36 (KHTML, like Gecko) Chrome/143.0.0.0 Safari/537.36','http://localhost:3002/','2026-01-08 04:34:31'),(359,5,'/recognition/tasks','admin','127.0.0.1','Mozilla/5.0 (Macintosh; Intel Mac OS X 10_15_7) AppleWebKit/537.36 (KHTML, like Gecko) Chrome/143.0.0.0 Safari/537.36','http://localhost:3002/','2026-01-08 04:34:38'),(360,5,'/recognition/records','admin','127.0.0.1','Mozilla/5.0 (Macintosh; Intel Mac OS X 10_15_7) AppleWebKit/537.36 (KHTML, like Gecko) Chrome/143.0.0.0 Safari/537.36','http://localhost:3002/','2026-01-08 04:34:39'),(361,5,'/recognition/models','admin','127.0.0.1','Mozilla/5.0 (Macintosh; Intel Mac OS X 10_15_7) AppleWebKit/537.36 (KHTML, like Gecko) Chrome/143.0.0.0 Safari/537.36','http://localhost:3002/','2026-01-08 04:34:40'),(362,5,'/content/docs','admin','127.0.0.1','Mozilla/5.0 (Macintosh; Intel Mac OS X 10_15_7) AppleWebKit/537.36 (KHTML, like Gecko) Chrome/143.0.0.0 Safari/537.36','http://localhost:3002/','2026-01-08 04:34:44'),(363,5,'/content/announcement','admin','127.0.0.1','Mozilla/5.0 (Macintosh; Intel Mac OS X 10_15_7) AppleWebKit/537.36 (KHTML, like Gecko) Chrome/143.0.0.0 Safari/537.36','http://localhost:3002/','2026-01-08 04:34:44'),(364,5,'/content/site','admin','127.0.0.1','Mozilla/5.0 (Macintosh; Intel Mac OS X 10_15_7) AppleWebKit/537.36 (KHTML, like Gecko) Chrome/143.0.0.0 Safari/537.36','http://localhost:3002/','2026-01-08 04:34:44'),(365,5,'/content/faq','admin','127.0.0.1','Mozilla/5.0 (Macintosh; Intel Mac OS X 10_15_7) AppleWebKit/537.36 (KHTML, like Gecko) Chrome/143.0.0.0 Safari/537.36','http://localhost:3002/','2026-01-08 04:34:45'),(366,5,'/content/site','admin','127.0.0.1','Mozilla/5.0 (Macintosh; Intel Mac OS X 10_15_7) AppleWebKit/537.36 (KHTML, like Gecko) Chrome/143.0.0.0 Safari/537.36','http://localhost:3002/','2026-01-08 04:34:46'),(367,5,'/statistics/user','admin','127.0.0.1','Mozilla/5.0 (Macintosh; Intel Mac OS X 10_15_7) AppleWebKit/537.36 (KHTML, like Gecko) Chrome/143.0.0.0 Safari/537.36','http://localhost:3002/','2026-01-08 04:35:00'),(368,5,'/statistics/recognition','admin','127.0.0.1','Mozilla/5.0 (Macintosh; Intel Mac OS X 10_15_7) AppleWebKit/537.36 (KHTML, like Gecko) Chrome/143.0.0.0 Safari/537.36','http://localhost:3002/','2026-01-08 04:35:02'),(369,5,'/statistics/board','admin','127.0.0.1','Mozilla/5.0 (Macintosh; Intel Mac OS X 10_15_7) AppleWebKit/537.36 (KHTML, like Gecko) Chrome/143.0.0.0 Safari/537.36','http://localhost:3002/','2026-01-08 04:35:05'),(370,5,'/log/operation','admin','127.0.0.1','Mozilla/5.0 (Macintosh; Intel Mac OS X 10_15_7) AppleWebKit/537.36 (KHTML, like Gecko) Chrome/143.0.0.0 Safari/537.36','http://localhost:3002/','2026-01-08 04:35:11'),(371,5,'/permission/role','admin','127.0.0.1','Mozilla/5.0 (Macintosh; Intel Mac OS X 10_15_7) AppleWebKit/537.36 (KHTML, like Gecko) Chrome/143.0.0.0 Safari/537.36','http://localhost:3002/','2026-01-08 04:36:01'),(372,5,'/permission/management','admin','127.0.0.1','Mozilla/5.0 (Macintosh; Intel Mac OS X 10_15_7) AppleWebKit/537.36 (KHTML, like Gecko) Chrome/143.0.0.0 Safari/537.36','http://localhost:3002/','2026-01-08 04:39:53'),(373,5,'/permission/management','admin','127.0.0.1','Mozilla/5.0 (Macintosh; Intel Mac OS X 10_15_7) AppleWebKit/537.36 (KHTML, like Gecko) Chrome/143.0.0.0 Safari/537.36','http://localhost:3002/','2026-01-08 04:59:12'),(374,5,'/content/site','admin','127.0.0.1','Mozilla/5.0 (Macintosh; Intel Mac OS X 10_15_7) AppleWebKit/537.36 (KHTML, like Gecko) Chrome/143.0.0.0 Safari/537.36','http://localhost:3002/','2026-01-08 04:59:37'),(375,5,'/content/docs','admin','127.0.0.1','Mozilla/5.0 (Macintosh; Intel Mac OS X 10_15_7) AppleWebKit/537.36 (KHTML, like Gecko) Chrome/143.0.0.0 Safari/537.36','http://localhost:3002/','2026-01-08 04:59:38'),(376,5,'/content/announcement','admin','127.0.0.1','Mozilla/5.0 (Macintosh; Intel Mac OS X 10_15_7) AppleWebKit/537.36 (KHTML, like Gecko) Chrome/143.0.0.0 Safari/537.36','http://localhost:3002/','2026-01-08 04:59:39'),(377,5,'/content/faq','admin','127.0.0.1','Mozilla/5.0 (Macintosh; Intel Mac OS X 10_15_7) AppleWebKit/537.36 (KHTML, like Gecko) Chrome/143.0.0.0 Safari/537.36','http://localhost:3002/','2026-01-08 04:59:40'),(378,5,'/content/site','admin','127.0.0.1','Mozilla/5.0 (Macintosh; Intel Mac OS X 10_15_7) AppleWebKit/537.36 (KHTML, like Gecko) Chrome/143.0.0.0 Safari/537.36','http://localhost:3002/','2026-01-08 05:01:20'),(379,5,'/content/docs','admin','127.0.0.1','Mozilla/5.0 (Macintosh; Intel Mac OS X 10_15_7) AppleWebKit/537.36 (KHTML, like Gecko) Chrome/143.0.0.0 Safari/537.36','http://localhost:3002/','2026-01-08 05:01:22'),(380,5,'/content/announcement','admin','127.0.0.1','Mozilla/5.0 (Macintosh; Intel Mac OS X 10_15_7) AppleWebKit/537.36 (KHTML, like Gecko) Chrome/143.0.0.0 Safari/537.36','http://localhost:3002/','2026-01-08 05:01:23'),(381,5,'/content/faq','admin','127.0.0.1','Mozilla/5.0 (Macintosh; Intel Mac OS X 10_15_7) AppleWebKit/537.36 (KHTML, like Gecko) Chrome/143.0.0.0 Safari/537.36','http://localhost:3002/','2026-01-08 05:01:24'),(382,5,'/content/site','admin','127.0.0.1','Mozilla/5.0 (Macintosh; Intel Mac OS X 10_15_7) AppleWebKit/537.36 (KHTML, like Gecko) Chrome/143.0.0.0 Safari/537.36','http://localhost:3002/','2026-01-08 05:05:36'),(383,5,'/content/docs','admin','127.0.0.1','Mozilla/5.0 (Macintosh; Intel Mac OS X 10_15_7) AppleWebKit/537.36 (KHTML, like Gecko) Chrome/143.0.0.0 Safari/537.36','http://localhost:3002/','2026-01-08 05:05:46'),(384,5,'/content/announcement','admin','127.0.0.1','Mozilla/5.0 (Macintosh; Intel Mac OS X 10_15_7) AppleWebKit/537.36 (KHTML, like Gecko) Chrome/143.0.0.0 Safari/537.36','http://localhost:3002/','2026-01-08 05:05:47'),(385,5,'/content/announcement','admin','127.0.0.1','Mozilla/5.0 (Macintosh; Intel Mac OS X 10_15_7) AppleWebKit/537.36 (KHTML, like Gecko) Chrome/143.0.0.0 Safari/537.36','http://localhost:3002/','2026-01-08 05:05:48'),(386,5,'/content/site','admin','127.0.0.1','Mozilla/5.0 (Macintosh; Intel Mac OS X 10_15_7) AppleWebKit/537.36 (KHTML, like Gecko) Chrome/143.0.0.0 Safari/537.36','http://localhost:3002/','2026-01-08 05:05:51'),(387,NULL,'/','website','127.0.0.1','Mozilla/5.0 (Macintosh; Intel Mac OS X 10_15_7) AppleWebKit/537.36 (KHTML, like Gecko) Chrome/143.0.0.0 Safari/537.36','http://localhost:3000/','2026-01-08 05:06:13'),(388,5,'/content/docs','admin','127.0.0.1','Mozilla/5.0 (Macintosh; Intel Mac OS X 10_15_7) AppleWebKit/537.36 (KHTML, like Gecko) Chrome/143.0.0.0 Safari/537.36','http://localhost:3002/','2026-01-08 05:06:24'),(389,5,'/content/faq','admin','127.0.0.1','Mozilla/5.0 (Macintosh; Intel Mac OS X 10_15_7) AppleWebKit/537.36 (KHTML, like Gecko) Chrome/143.0.0.0 Safari/537.36','http://localhost:3002/','2026-01-08 05:06:25'),(390,5,'/content/faq','admin','127.0.0.1','Mozilla/5.0 (Macintosh; Intel Mac OS X 10_15_7) AppleWebKit/537.36 (KHTML, like Gecko) Chrome/143.0.0.0 Safari/537.36','http://localhost:3002/','2026-01-08 05:06:25'),(391,5,'/content/announcement','admin','127.0.0.1','Mozilla/5.0 (Macintosh; Intel Mac OS X 10_15_7) AppleWebKit/537.36 (KHTML, like Gecko) Chrome/143.0.0.0 Safari/537.36','http://localhost:3002/','2026-01-08 05:06:27'),(392,5,'/finance/orders','admin','127.0.0.1','Mozilla/5.0 (Macintosh; Intel Mac OS X 10_15_7) AppleWebKit/537.36 (KHTML, like Gecko) Chrome/143.0.0.0 Safari/537.36','http://localhost:3002/','2026-01-08 05:07:12'),(393,5,'/finance/packages','admin','127.0.0.1','Mozilla/5.0 (Macintosh; Intel Mac OS X 10_15_7) AppleWebKit/537.36 (KHTML, like Gecko) Chrome/143.0.0.0 Safari/537.36','http://localhost:3002/','2026-01-08 05:07:12'),(394,5,'/finance/reports','admin','127.0.0.1','Mozilla/5.0 (Macintosh; Intel Mac OS X 10_15_7) AppleWebKit/537.36 (KHTML, like Gecko) Chrome/143.0.0.0 Safari/537.36','http://localhost:3002/','2026-01-08 05:07:13'),(395,5,'/log/security','admin','127.0.0.1','Mozilla/5.0 (Macintosh; Intel Mac OS X 10_15_7) AppleWebKit/537.36 (KHTML, like Gecko) Chrome/143.0.0.0 Safari/537.36','http://localhost:3002/','2026-01-08 05:07:22'),(396,5,'/log/system','admin','127.0.0.1','Mozilla/5.0 (Macintosh; Intel Mac OS X 10_15_7) AppleWebKit/537.36 (KHTML, like Gecko) Chrome/143.0.0.0 Safari/537.36','http://localhost:3002/','2026-01-08 05:07:23'),(397,5,'/log/operation','admin','127.0.0.1','Mozilla/5.0 (Macintosh; Intel Mac OS X 10_15_7) AppleWebKit/537.36 (KHTML, like Gecko) Chrome/143.0.0.0 Safari/537.36','http://localhost:3002/','2026-01-08 05:07:24'),(398,5,'/dashboard/overview','admin','127.0.0.1','Mozilla/5.0 (Macintosh; Intel Mac OS X 10_15_7) AppleWebKit/537.36 (KHTML, like Gecko) Chrome/143.0.0.0 Safari/537.36','http://localhost:3002/','2026-01-08 15:13:43'),(399,5,'/dashboard/overview','admin','127.0.0.1','Mozilla/5.0 (Macintosh; Intel Mac OS X 10_15_7) AppleWebKit/537.36 (KHTML, like Gecko) Chrome/143.0.0.0 Safari/537.36','http://localhost:3002/','2026-01-08 15:19:12'),(400,5,'/dashboard/overview','admin','127.0.0.1','Mozilla/5.0 (Macintosh; Intel Mac OS X 10_15_7) AppleWebKit/537.36 (KHTML, like Gecko) Chrome/143.0.0.0 Safari/537.36','http://localhost:3002/','2026-01-08 15:19:59'),(401,5,'/log/operation','admin','127.0.0.1','Mozilla/5.0 (Macintosh; Intel Mac OS X 10_15_7) AppleWebKit/537.36 (KHTML, like Gecko) Chrome/143.0.0.0 Safari/537.36','http://localhost:3002/','2026-01-08 15:22:06'),(402,5,'/dashboard/overview','admin','127.0.0.1','Mozilla/5.0 (Macintosh; Intel Mac OS X 10_15_7) AppleWebKit/537.36 (KHTML, like Gecko) Chrome/143.0.0.0 Safari/537.36','http://localhost:3002/','2026-01-08 15:22:39'),(403,5,'/log/operation','admin','127.0.0.1','Mozilla/5.0 (Macintosh; Intel Mac OS X 10_15_7) AppleWebKit/537.36 (KHTML, like Gecko) Chrome/143.0.0.0 Safari/537.36','http://localhost:3002/','2026-01-08 15:22:42'),(404,5,'/user/list','admin','127.0.0.1','Mozilla/5.0 (Macintosh; Intel Mac OS X 10_15_7) AppleWebKit/537.36 (KHTML, like Gecko) Chrome/143.0.0.0 Safari/537.36','http://localhost:3002/','2026-01-08 15:25:24'),(405,5,'/user/verification','admin','127.0.0.1','Mozilla/5.0 (Macintosh; Intel Mac OS X 10_15_7) AppleWebKit/537.36 (KHTML, like Gecko) Chrome/143.0.0.0 Safari/537.36','http://localhost:3002/','2026-01-08 15:25:38'),(406,5,'/user/list','admin','127.0.0.1','Mozilla/5.0 (Macintosh; Intel Mac OS X 10_15_7) AppleWebKit/537.36 (KHTML, like Gecko) Chrome/143.0.0.0 Safari/537.36','http://localhost:3002/','2026-01-08 15:25:45'),(407,5,'/user/verification','admin','127.0.0.1','Mozilla/5.0 (Macintosh; Intel Mac OS X 10_15_7) AppleWebKit/537.36 (KHTML, like Gecko) Chrome/143.0.0.0 Safari/537.36','http://localhost:3002/','2026-01-08 15:25:46'),(408,7,'/dashboard/recognition','user','127.0.0.1','Mozilla/5.0 (Macintosh; Intel Mac OS X 10_15_7) AppleWebKit/537.36 (KHTML, like Gecko) Chrome/143.0.0.0 Safari/537.36','http://localhost:3001/','2026-01-08 15:25:52'),(409,7,'/dashboard/overview','user','127.0.0.1','Mozilla/5.0 (Macintosh; Intel Mac OS X 10_15_7) AppleWebKit/537.36 (KHTML, like Gecko) Chrome/143.0.0.0 Safari/537.36','http://localhost:3001/','2026-01-08 15:25:53'),(410,7,'/dashboard/analysis','user','127.0.0.1','Mozilla/5.0 (Macintosh; Intel Mac OS X 10_15_7) AppleWebKit/537.36 (KHTML, like Gecko) Chrome/143.0.0.0 Safari/537.36','http://localhost:3001/','2026-01-08 15:25:57'),(411,7,'/dashboard/history','user','127.0.0.1','Mozilla/5.0 (Macintosh; Intel Mac OS X 10_15_7) AppleWebKit/537.36 (KHTML, like Gecko) Chrome/143.0.0.0 Safari/537.36','http://localhost:3001/','2026-01-08 15:25:58'),(412,5,'/user/verification','admin','127.0.0.1','Mozilla/5.0 (Macintosh; Intel Mac OS X 10_15_7) AppleWebKit/537.36 (KHTML, like Gecko) Chrome/143.0.0.0 Safari/537.36','http://localhost:3002/','2026-01-08 15:36:15'),(413,5,'/user/list','admin','127.0.0.1','Mozilla/5.0 (Macintosh; Intel Mac OS X 10_15_7) AppleWebKit/537.36 (KHTML, like Gecko) Chrome/143.0.0.0 Safari/537.36','http://localhost:3002/','2026-01-08 15:36:17'),(414,5,'/log/operation','admin','127.0.0.1','Mozilla/5.0 (Macintosh; Intel Mac OS X 10_15_7) AppleWebKit/537.36 (KHTML, like Gecko) Chrome/143.0.0.0 Safari/537.36','http://localhost:3002/','2026-01-08 15:36:20'),(415,5,'/user/list','admin','127.0.0.1','Mozilla/5.0 (Macintosh; Intel Mac OS X 10_15_7) AppleWebKit/537.36 (KHTML, like Gecko) Chrome/143.0.0.0 Safari/537.36','http://localhost:3002/','2026-01-08 15:36:30'),(416,5,'/log/operation','admin','127.0.0.1','Mozilla/5.0 (Macintosh; Intel Mac OS X 10_15_7) AppleWebKit/537.36 (KHTML, like Gecko) Chrome/143.0.0.0 Safari/537.36','http://localhost:3002/','2026-01-08 15:36:56'),(417,5,'/log/system','admin','127.0.0.1','Mozilla/5.0 (Macintosh; Intel Mac OS X 10_15_7) AppleWebKit/537.36 (KHTML, like Gecko) Chrome/143.0.0.0 Safari/537.36','http://localhost:3002/','2026-01-08 15:42:09'),(418,5,'/log/security','admin','127.0.0.1','Mozilla/5.0 (Macintosh; Intel Mac OS X 10_15_7) AppleWebKit/537.36 (KHTML, like Gecko) Chrome/143.0.0.0 Safari/537.36','http://localhost:3002/','2026-01-08 15:42:26'),(419,5,'/log/operation','admin','127.0.0.1','Mozilla/5.0 (Macintosh; Intel Mac OS X 10_15_7) AppleWebKit/537.36 (KHTML, like Gecko) Chrome/143.0.0.0 Safari/537.36','http://localhost:3002/','2026-01-08 15:55:54'),(420,5,'/user/list','admin','127.0.0.1','Mozilla/5.0 (Macintosh; Intel Mac OS X 10_15_7) AppleWebKit/537.36 (KHTML, like Gecko) Chrome/143.0.0.0 Safari/537.36','http://localhost:3002/','2026-01-08 16:05:58'),(421,5,'/log/operation','admin','127.0.0.1','Mozilla/5.0 (Macintosh; Intel Mac OS X 10_15_7) AppleWebKit/537.36 (KHTML, like Gecko) Chrome/143.0.0.0 Safari/537.36','http://localhost:3002/','2026-01-08 16:06:04'),(422,5,'/log/security','admin','127.0.0.1','Mozilla/5.0 (Macintosh; Intel Mac OS X 10_15_7) AppleWebKit/537.36 (KHTML, like Gecko) Chrome/143.0.0.0 Safari/537.36','http://localhost:3002/','2026-01-08 16:19:20'),(423,5,'/log/operation','admin','127.0.0.1','Mozilla/5.0 (Macintosh; Intel Mac OS X 10_15_7) AppleWebKit/537.36 (KHTML, like Gecko) Chrome/143.0.0.0 Safari/537.36','http://localhost:3002/','2026-01-08 16:19:21'),(424,5,'/user/list','admin','127.0.0.1','Mozilla/5.0 (Macintosh; Intel Mac OS X 10_15_7) AppleWebKit/537.36 (KHTML, like Gecko) Chrome/143.0.0.0 Safari/537.36','http://localhost:3002/','2026-01-08 16:19:25'),(425,5,'/log/operation','admin','127.0.0.1','Mozilla/5.0 (Macintosh; Intel Mac OS X 10_15_7) AppleWebKit/537.36 (KHTML, like Gecko) Chrome/143.0.0.0 Safari/537.36','http://localhost:3002/','2026-01-08 16:19:33'),(426,5,'/log/system','admin','127.0.0.1','Mozilla/5.0 (Macintosh; Intel Mac OS X 10_15_7) AppleWebKit/537.36 (KHTML, like Gecko) Chrome/143.0.0.0 Safari/537.36','http://localhost:3002/','2026-01-08 16:31:35'),(427,5,'/log/system','admin','127.0.0.1','Mozilla/5.0 (Macintosh; Intel Mac OS X 10_15_7) AppleWebKit/537.36 (KHTML, like Gecko) Chrome/143.0.0.0 Safari/537.36','http://localhost:3002/','2026-01-08 16:31:36'),(428,5,'/log/security','admin','127.0.0.1','Mozilla/5.0 (Macintosh; Intel Mac OS X 10_15_7) AppleWebKit/537.36 (KHTML, like Gecko) Chrome/143.0.0.0 Safari/537.36','http://localhost:3002/','2026-01-08 16:31:36'),(429,5,'/log/system','admin','127.0.0.1','Mozilla/5.0 (Macintosh; Intel Mac OS X 10_15_7) AppleWebKit/537.36 (KHTML, like Gecko) Chrome/143.0.0.0 Safari/537.36','http://localhost:3002/','2026-01-08 16:33:09'),(430,5,'/log/security','admin','127.0.0.1','Mozilla/5.0 (Macintosh; Intel Mac OS X 10_15_7) AppleWebKit/537.36 (KHTML, like Gecko) Chrome/143.0.0.0 Safari/537.36','http://localhost:3002/','2026-01-08 16:33:23'),(431,5,'/log/operation','admin','127.0.0.1','Mozilla/5.0 (Macintosh; Intel Mac OS X 10_15_7) AppleWebKit/537.36 (KHTML, like Gecko) Chrome/143.0.0.0 Safari/537.36','http://localhost:3002/','2026-01-08 16:41:51'),(432,5,'/log/security','admin','127.0.0.1','Mozilla/5.0 (Macintosh; Intel Mac OS X 10_15_7) AppleWebKit/537.36 (KHTML, like Gecko) Chrome/143.0.0.0 Safari/537.36','http://localhost:3002/','2026-01-08 16:41:52'),(433,5,'/log/system','admin','127.0.0.1','Mozilla/5.0 (Macintosh; Intel Mac OS X 10_15_7) AppleWebKit/537.36 (KHTML, like Gecko) Chrome/143.0.0.0 Safari/537.36','http://localhost:3002/','2026-01-08 16:41:54'),(434,5,'/statistics/board','admin','127.0.0.1','Mozilla/5.0 (Macintosh; Intel Mac OS X 10_15_7) AppleWebKit/537.36 (KHTML, like Gecko) Chrome/143.0.0.0 Safari/537.36','http://localhost:3002/','2026-01-08 16:43:40'),(435,5,'/statistics/recognition','admin','127.0.0.1','Mozilla/5.0 (Macintosh; Intel Mac OS X 10_15_7) AppleWebKit/537.36 (KHTML, like Gecko) Chrome/143.0.0.0 Safari/537.36','http://localhost:3002/','2026-01-08 16:43:42'),(436,5,'/statistics/user','admin','127.0.0.1','Mozilla/5.0 (Macintosh; Intel Mac OS X 10_15_7) AppleWebKit/537.36 (KHTML, like Gecko) Chrome/143.0.0.0 Safari/537.36','http://localhost:3002/','2026-01-08 16:43:49'),(437,5,'/recognition/tasks','admin','127.0.0.1','Mozilla/5.0 (Macintosh; Intel Mac OS X 10_15_7) AppleWebKit/537.36 (KHTML, like Gecko) Chrome/143.0.0.0 Safari/537.36','http://localhost:3002/','2026-01-08 16:43:59'),(438,5,'/recognition/records','admin','127.0.0.1','Mozilla/5.0 (Macintosh; Intel Mac OS X 10_15_7) AppleWebKit/537.36 (KHTML, like Gecko) Chrome/143.0.0.0 Safari/537.36','http://localhost:3002/','2026-01-08 16:44:01'),(439,5,'/recognition/models','admin','127.0.0.1','Mozilla/5.0 (Macintosh; Intel Mac OS X 10_15_7) AppleWebKit/537.36 (KHTML, like Gecko) Chrome/143.0.0.0 Safari/537.36','http://localhost:3002/','2026-01-08 16:44:02'),(440,5,'/recognition/models','admin','127.0.0.1','Mozilla/5.0 (Macintosh; Intel Mac OS X 10_15_7) AppleWebKit/537.36 (KHTML, like Gecko) Chrome/143.0.0.0 Safari/537.36','http://localhost:3002/','2026-01-08 16:50:37'),(441,5,'/recognition/models','admin','127.0.0.1','Mozilla/5.0 (Macintosh; Intel Mac OS X 10_15_7) AppleWebKit/537.36 (KHTML, like Gecko) Chrome/143.0.0.0 Safari/537.36','http://localhost:3002/','2026-01-08 16:50:55'),(442,5,'/recognition/models','admin','127.0.0.1','Mozilla/5.0 (Macintosh; Intel Mac OS X 10_15_7) AppleWebKit/537.36 (KHTML, like Gecko) Chrome/143.0.0.0 Safari/537.36','http://localhost:3002/','2026-01-08 16:51:13'),(443,5,'/recognition/models','admin','127.0.0.1','Mozilla/5.0 (Macintosh; Intel Mac OS X 10_15_7) AppleWebKit/537.36 (KHTML, like Gecko) Chrome/143.0.0.0 Safari/537.36','http://localhost:3002/','2026-01-08 16:51:34'),(444,5,'/recognition/tasks','admin','127.0.0.1','Mozilla/5.0 (Macintosh; Intel Mac OS X 10_15_7) AppleWebKit/537.36 (KHTML, like Gecko) Chrome/143.0.0.0 Safari/537.36','http://localhost:3002/','2026-01-08 16:53:43'),(445,5,'/recognition/records','admin','127.0.0.1','Mozilla/5.0 (Macintosh; Intel Mac OS X 10_15_7) AppleWebKit/537.36 (KHTML, like Gecko) Chrome/143.0.0.0 Safari/537.36','http://localhost:3002/','2026-01-08 16:53:45'),(446,5,'/recognition/models','admin','127.0.0.1','Mozilla/5.0 (Macintosh; Intel Mac OS X 10_15_7) AppleWebKit/537.36 (KHTML, like Gecko) Chrome/143.0.0.0 Safari/537.36','http://localhost:3002/','2026-01-08 16:53:46'),(447,5,'/recognition/tasks','admin','127.0.0.1','Mozilla/5.0 (Macintosh; Intel Mac OS X 10_15_7) AppleWebKit/537.36 (KHTML, like Gecko) Chrome/143.0.0.0 Safari/537.36','http://localhost:3002/','2026-01-08 16:53:47'),(448,5,'/recognition/records','admin','127.0.0.1','Mozilla/5.0 (Macintosh; Intel Mac OS X 10_15_7) AppleWebKit/537.36 (KHTML, like Gecko) Chrome/143.0.0.0 Safari/537.36','http://localhost:3002/','2026-01-08 16:53:50'),(449,5,'/recognition/models','admin','127.0.0.1','Mozilla/5.0 (Macintosh; Intel Mac OS X 10_15_7) AppleWebKit/537.36 (KHTML, like Gecko) Chrome/143.0.0.0 Safari/537.36','http://localhost:3002/','2026-01-08 16:53:51'),(450,5,'/recognition/tasks','admin','127.0.0.1','Mozilla/5.0 (Macintosh; Intel Mac OS X 10_15_7) AppleWebKit/537.36 (KHTML, like Gecko) Chrome/143.0.0.0 Safari/537.36','http://localhost:3002/','2026-01-08 16:53:52'),(451,5,'/recognition/records','admin','127.0.0.1','Mozilla/5.0 (Macintosh; Intel Mac OS X 10_15_7) AppleWebKit/537.36 (KHTML, like Gecko) Chrome/143.0.0.0 Safari/537.36','http://localhost:3002/','2026-01-08 16:55:19'),(452,5,'/recognition/models','admin','127.0.0.1','Mozilla/5.0 (Macintosh; Intel Mac OS X 10_15_7) AppleWebKit/537.36 (KHTML, like Gecko) Chrome/143.0.0.0 Safari/537.36','http://localhost:3002/','2026-01-08 16:55:21'),(453,5,'/recognition/records','admin','127.0.0.1','Mozilla/5.0 (Macintosh; Intel Mac OS X 10_15_7) AppleWebKit/537.36 (KHTML, like Gecko) Chrome/143.0.0.0 Safari/537.36','http://localhost:3002/','2026-01-08 17:01:21'),(454,5,'/recognition/tasks','admin','127.0.0.1','Mozilla/5.0 (Macintosh; Intel Mac OS X 10_15_7) AppleWebKit/537.36 (KHTML, like Gecko) Chrome/143.0.0.0 Safari/537.36','http://localhost:3002/','2026-01-08 17:01:37'),(455,5,'/recognition/models','admin','127.0.0.1','Mozilla/5.0 (Macintosh; Intel Mac OS X 10_15_7) AppleWebKit/537.36 (KHTML, like Gecko) Chrome/143.0.0.0 Safari/537.36','http://localhost:3002/','2026-01-08 17:01:50'),(456,7,'/dashboard/history','user','127.0.0.1','Mozilla/5.0 (Macintosh; Intel Mac OS X 10_15_7) AppleWebKit/537.36 (KHTML, like Gecko) Chrome/143.0.0.0 Safari/537.36','http://localhost:3001/','2026-01-08 17:08:23'),(457,5,'/recognition/models','admin','127.0.0.1','Mozilla/5.0 (Macintosh; Intel Mac OS X 10_15_7) AppleWebKit/537.36 (KHTML, like Gecko) Chrome/143.0.0.0 Safari/537.36','http://localhost:3002/','2026-01-08 17:08:28'),(458,5,'/recognition/tasks','admin','127.0.0.1','Mozilla/5.0 (Macintosh; Intel Mac OS X 10_15_7) AppleWebKit/537.36 (KHTML, like Gecko) Chrome/143.0.0.0 Safari/537.36','http://localhost:3002/','2026-01-08 17:08:30'),(459,5,'/recognition/records','admin','127.0.0.1','Mozilla/5.0 (Macintosh; Intel Mac OS X 10_15_7) AppleWebKit/537.36 (KHTML, like Gecko) Chrome/143.0.0.0 Safari/537.36','http://localhost:3002/','2026-01-08 17:08:31'),(460,5,'/user/list','admin','127.0.0.1','Mozilla/5.0 (Macintosh; Intel Mac OS X 10_15_7) AppleWebKit/537.36 (KHTML, like Gecko) Chrome/143.0.0.0 Safari/537.36','http://localhost:3002/','2026-01-08 17:08:37'),(461,5,'/user/verification','admin','127.0.0.1','Mozilla/5.0 (Macintosh; Intel Mac OS X 10_15_7) AppleWebKit/537.36 (KHTML, like Gecko) Chrome/143.0.0.0 Safari/537.36','http://localhost:3002/','2026-01-08 17:08:41'),(462,5,'/recognition/records','admin','127.0.0.1','Mozilla/5.0 (Macintosh; Intel Mac OS X 10_15_7) AppleWebKit/537.36 (KHTML, like Gecko) Chrome/143.0.0.0 Safari/537.36','http://localhost:3002/','2026-01-08 17:08:46'),(463,5,'/recognition/tasks','admin','127.0.0.1','Mozilla/5.0 (Macintosh; Intel Mac OS X 10_15_7) AppleWebKit/537.36 (KHTML, like Gecko) Chrome/143.0.0.0 Safari/537.36','http://localhost:3002/','2026-01-08 17:08:46'),(464,5,'/recognition/records','admin','127.0.0.1','Mozilla/5.0 (Macintosh; Intel Mac OS X 10_15_7) AppleWebKit/537.36 (KHTML, like Gecko) Chrome/143.0.0.0 Safari/537.36','http://localhost:3002/','2026-01-08 17:08:47'),(465,7,'/dashboard/history','user','127.0.0.1','Mozilla/5.0 (Macintosh; Intel Mac OS X 10_15_7) AppleWebKit/537.36 (KHTML, like Gecko) Chrome/143.0.0.0 Safari/537.36','http://localhost:3001/','2026-01-08 17:09:46'),(466,7,'/dashboard/recognition','user','127.0.0.1','Mozilla/5.0 (Macintosh; Intel Mac OS X 10_15_7) AppleWebKit/537.36 (KHTML, like Gecko) Chrome/143.0.0.0 Safari/537.36','http://localhost:3001/','2026-01-08 17:10:08'),(467,7,'/dashboard/history','user','127.0.0.1','Mozilla/5.0 (Macintosh; Intel Mac OS X 10_15_7) AppleWebKit/537.36 (KHTML, like Gecko) Chrome/143.0.0.0 Safari/537.36','http://localhost:3001/','2026-01-08 17:10:37'),(468,5,'/recognition/records','admin','127.0.0.1','Mozilla/5.0 (Macintosh; Intel Mac OS X 10_15_7) AppleWebKit/537.36 (KHTML, like Gecko) Chrome/143.0.0.0 Safari/537.36','http://localhost:3002/','2026-01-08 17:10:43'),(469,5,'/recognition/records','admin','127.0.0.1','Mozilla/5.0 (Macintosh; Intel Mac OS X 10_15_7) AppleWebKit/537.36 (KHTML, like Gecko) Chrome/143.0.0.0 Safari/537.36','http://localhost:3002/','2026-01-08 17:12:45'),(470,5,'/recognition/tasks','admin','127.0.0.1','Mozilla/5.0 (Macintosh; Intel Mac OS X 10_15_7) AppleWebKit/537.36 (KHTML, like Gecko) Chrome/143.0.0.0 Safari/537.36','http://localhost:3002/','2026-01-08 17:13:08'),(471,5,'/recognition/records','admin','127.0.0.1','Mozilla/5.0 (Macintosh; Intel Mac OS X 10_15_7) AppleWebKit/537.36 (KHTML, like Gecko) Chrome/143.0.0.0 Safari/537.36','http://localhost:3002/','2026-01-08 17:13:08'),(472,5,'/dashboard/overview','admin','127.0.0.1','Mozilla/5.0 (Macintosh; Intel Mac OS X 10_15_7) AppleWebKit/537.36 (KHTML, like Gecko) Chrome/143.0.0.0 Safari/537.36','http://localhost:3002/','2026-01-08 17:13:11'),(473,5,'/user/verification','admin','127.0.0.1','Mozilla/5.0 (Macintosh; Intel Mac OS X 10_15_7) AppleWebKit/537.36 (KHTML, like Gecko) Chrome/143.0.0.0 Safari/537.36','http://localhost:3002/','2026-01-08 17:13:13'),(474,5,'/user/verification','admin','127.0.0.1','Mozilla/5.0 (Macintosh; Intel Mac OS X 10_15_7) AppleWebKit/537.36 (KHTML, like Gecko) Chrome/143.0.0.0 Safari/537.36','http://localhost:3002/','2026-01-08 17:14:38'),(475,7,'/dashboard/history','user','127.0.0.1','Mozilla/5.0 (Macintosh; Intel Mac OS X 10_15_7) AppleWebKit/537.36 (KHTML, like Gecko) Chrome/143.0.0.0 Safari/537.36','http://localhost:3001/','2026-01-08 17:14:42'),(476,5,'/recognition/tasks','admin','127.0.0.1','Mozilla/5.0 (Macintosh; Intel Mac OS X 10_15_7) AppleWebKit/537.36 (KHTML, like Gecko) Chrome/143.0.0.0 Safari/537.36','http://localhost:3002/','2026-01-08 17:14:43'),(477,5,'/recognition/records','admin','127.0.0.1','Mozilla/5.0 (Macintosh; Intel Mac OS X 10_15_7) AppleWebKit/537.36 (KHTML, like Gecko) Chrome/143.0.0.0 Safari/537.36','http://localhost:3002/','2026-01-08 17:14:45'),(478,7,'/dashboard/history','user','127.0.0.1','Mozilla/5.0 (Macintosh; Intel Mac OS X 10_15_7) AppleWebKit/537.36 (KHTML, like Gecko) Chrome/143.0.0.0 Safari/537.36','http://localhost:3001/','2026-01-08 17:16:09'),(479,5,'/recognition/records','admin','127.0.0.1','Mozilla/5.0 (Macintosh; Intel Mac OS X 10_15_7) AppleWebKit/537.36 (KHTML, like Gecko) Chrome/143.0.0.0 Safari/537.36','http://localhost:3002/','2026-01-08 17:16:10'),(480,5,'/permission/management','admin','127.0.0.1','Mozilla/5.0 (Macintosh; Intel Mac OS X 10_15_7) AppleWebKit/537.36 (KHTML, like Gecko) Chrome/143.0.0.0 Safari/537.36','http://localhost:3002/','2026-01-08 17:16:17'),(481,5,'/permission/role','admin','127.0.0.1','Mozilla/5.0 (Macintosh; Intel Mac OS X 10_15_7) AppleWebKit/537.36 (KHTML, like Gecko) Chrome/143.0.0.0 Safari/537.36','http://localhost:3002/','2026-01-08 17:16:18'),(482,5,'/user/tags','admin','127.0.0.1','Mozilla/5.0 (Macintosh; Intel Mac OS X 10_15_7) AppleWebKit/537.36 (KHTML, like Gecko) Chrome/143.0.0.0 Safari/537.36','http://localhost:3002/','2026-01-08 17:16:21'),(483,5,'/user/verification','admin','127.0.0.1','Mozilla/5.0 (Macintosh; Intel Mac OS X 10_15_7) AppleWebKit/537.36 (KHTML, like Gecko) Chrome/143.0.0.0 Safari/537.36','http://localhost:3002/','2026-01-08 17:16:21'),(484,7,'/dashboard/history','user','127.0.0.1','Mozilla/5.0 (Macintosh; Intel Mac OS X 10_15_7) AppleWebKit/537.36 (KHTML, like Gecko) Chrome/143.0.0.0 Safari/537.36','http://localhost:3001/','2026-01-08 17:32:03'),(485,5,'/user/verification','admin','127.0.0.1','Mozilla/5.0 (Macintosh; Intel Mac OS X 10_15_7) AppleWebKit/537.36 (KHTML, like Gecko) Chrome/143.0.0.0 Safari/537.36','http://localhost:3002/','2026-01-08 17:32:07'),(486,7,'/dashboard/settings','user','127.0.0.1','Mozilla/5.0 (Macintosh; Intel Mac OS X 10_15_7) AppleWebKit/537.36 (KHTML, like Gecko) Chrome/143.0.0.0 Safari/537.36','http://localhost:3001/','2026-01-08 17:32:10'),(487,5,'/user/verification','admin','127.0.0.1','Mozilla/5.0 (Macintosh; Intel Mac OS X 10_15_7) AppleWebKit/537.36 (KHTML, like Gecko) Chrome/143.0.0.0 Safari/537.36','http://localhost:3002/','2026-01-08 17:32:27'),(488,5,'/user/list','admin','127.0.0.1','Mozilla/5.0 (Macintosh; Intel Mac OS X 10_15_7) AppleWebKit/537.36 (KHTML, like Gecko) Chrome/143.0.0.0 Safari/537.36','http://localhost:3002/','2026-01-08 17:32:28'),(489,7,'/dashboard/recognition','user','127.0.0.1','Mozilla/5.0 (Macintosh; Intel Mac OS X 10_15_7) AppleWebKit/537.36 (KHTML, like Gecko) Chrome/143.0.0.0 Safari/537.36','http://localhost:3001/','2026-01-08 17:32:35'),(490,7,'/dashboard/history','user','127.0.0.1','Mozilla/5.0 (Macintosh; Intel Mac OS X 10_15_7) AppleWebKit/537.36 (KHTML, like Gecko) Chrome/143.0.0.0 Safari/537.36','http://localhost:3001/','2026-01-08 17:32:50'),(491,5,'/recognition/tasks','admin','127.0.0.1','Mozilla/5.0 (Macintosh; Intel Mac OS X 10_15_7) AppleWebKit/537.36 (KHTML, like Gecko) Chrome/143.0.0.0 Safari/537.36','http://localhost:3002/','2026-01-08 17:32:55'),(492,5,'/user/verification','admin','127.0.0.1','Mozilla/5.0 (Macintosh; Intel Mac OS X 10_15_7) AppleWebKit/537.36 (KHTML, like Gecko) Chrome/143.0.0.0 Safari/537.36','http://localhost:3002/','2026-01-08 17:32:57'),(493,7,'/dashboard/settings','user','127.0.0.1','Mozilla/5.0 (Macintosh; Intel Mac OS X 10_15_7) AppleWebKit/537.36 (KHTML, like Gecko) Chrome/143.0.0.0 Safari/537.36','http://localhost:3001/','2026-01-08 17:33:52'),(494,7,'/dashboard/settings','user','127.0.0.1','Mozilla/5.0 (Macintosh; Intel Mac OS X 10_15_7) AppleWebKit/537.36 (KHTML, like Gecko) Chrome/143.0.0.0 Safari/537.36','http://localhost:3001/','2026-01-08 17:33:56'),(495,5,'/user/verification','admin','127.0.0.1','Mozilla/5.0 (Macintosh; Intel Mac OS X 10_15_7) AppleWebKit/537.36 (KHTML, like Gecko) Chrome/143.0.0.0 Safari/537.36','http://localhost:3002/','2026-01-08 17:34:01'),(496,7,'/dashboard/settings','user','127.0.0.1','Mozilla/5.0 (Macintosh; Intel Mac OS X 10_15_7) AppleWebKit/537.36 (KHTML, like Gecko) Chrome/143.0.0.0 Safari/537.36','http://localhost:3001/','2026-01-08 17:35:34'),(497,NULL,'/','website','127.0.0.1','Mozilla/5.0 (Macintosh; Intel Mac OS X 10_15_7) AppleWebKit/537.36 (KHTML, like Gecko) Chrome/143.0.0.0 Safari/537.36','http://localhost:3000/','2026-01-08 17:35:53'),(498,NULL,'/login','user','127.0.0.1','Mozilla/5.0 (Macintosh; Intel Mac OS X 10_15_7) AppleWebKit/537.36 (KHTML, like Gecko) Chrome/143.0.0.0 Safari/537.36','http://localhost:3001/','2026-01-08 17:35:56'),(499,7,'/api/v1/auth/login','user','127.0.0.1','Mozilla/5.0 (Macintosh; Intel Mac OS X 10_15_7) AppleWebKit/537.36 (KHTML, like Gecko) Chrome/143.0.0.0 Safari/537.36',NULL,'2026-01-08 17:36:02'),(500,7,'/dashboard/overview','user','127.0.0.1','Mozilla/5.0 (Macintosh; Intel Mac OS X 10_15_7) AppleWebKit/537.36 (KHTML, like Gecko) Chrome/143.0.0.0 Safari/537.36','http://localhost:3001/','2026-01-08 17:36:03'),(501,7,'/dashboard/settings','user','127.0.0.1','Mozilla/5.0 (Macintosh; Intel Mac OS X 10_15_7) AppleWebKit/537.36 (KHTML, like Gecko) Chrome/143.0.0.0 Safari/537.36','http://localhost:3001/','2026-01-08 17:36:04'),(502,7,'/dashboard/analysis','user','127.0.0.1','Mozilla/5.0 (Macintosh; Intel Mac OS X 10_15_7) AppleWebKit/537.36 (KHTML, like Gecko) Chrome/143.0.0.0 Safari/537.36','http://localhost:3001/','2026-01-08 17:38:47'),(503,7,'/dashboard/settings','user','127.0.0.1','Mozilla/5.0 (Macintosh; Intel Mac OS X 10_15_7) AppleWebKit/537.36 (KHTML, like Gecko) Chrome/143.0.0.0 Safari/537.36','http://localhost:3001/','2026-01-08 17:38:48'),(504,5,'/user/list','admin','127.0.0.1','Mozilla/5.0 (Macintosh; Intel Mac OS X 10_15_7) AppleWebKit/537.36 (KHTML, like Gecko) Chrome/143.0.0.0 Safari/537.36','http://localhost:3002/','2026-01-08 17:42:21'),(505,5,'/user/verification','admin','127.0.0.1','Mozilla/5.0 (Macintosh; Intel Mac OS X 10_15_7) AppleWebKit/537.36 (KHTML, like Gecko) Chrome/143.0.0.0 Safari/537.36','http://localhost:3002/','2026-01-08 17:42:22'),(506,5,'/user/verification','admin','127.0.0.1','Mozilla/5.0 (Macintosh; Intel Mac OS X 10_15_7) AppleWebKit/537.36 (KHTML, like Gecko) Chrome/143.0.0.0 Safari/537.36','http://localhost:3002/','2026-01-08 17:42:46'),(507,7,'/dashboard/settings','user','127.0.0.1','Mozilla/5.0 (Macintosh; Intel Mac OS X 10_15_7) AppleWebKit/537.36 (KHTML, like Gecko) Chrome/143.0.0.0 Safari/537.36','http://localhost:3001/','2026-01-08 17:42:48'),(508,7,'/dashboard/settings','user','127.0.0.1','Mozilla/5.0 (Macintosh; Intel Mac OS X 10_15_7) AppleWebKit/537.36 (KHTML, like Gecko) Chrome/143.0.0.0 Safari/537.36','http://localhost:3001/','2026-01-08 17:43:04'),(509,7,'/dashboard/analysis','user','127.0.0.1','Mozilla/5.0 (Macintosh; Intel Mac OS X 10_15_7) AppleWebKit/537.36 (KHTML, like Gecko) Chrome/143.0.0.0 Safari/537.36','http://localhost:3001/','2026-01-08 17:43:13'),(510,7,'/dashboard/settings','user','127.0.0.1','Mozilla/5.0 (Macintosh; Intel Mac OS X 10_15_7) AppleWebKit/537.36 (KHTML, like Gecko) Chrome/143.0.0.0 Safari/537.36','http://localhost:3001/','2026-01-08 17:43:14'),(511,7,'/dashboard/settings','user','127.0.0.1','Mozilla/5.0 (Macintosh; Intel Mac OS X 10_15_7) AppleWebKit/537.36 (KHTML, like Gecko) Chrome/143.0.0.0 Safari/537.36','http://localhost:3001/','2026-01-08 17:43:16'),(512,7,'/dashboard/settings','user','127.0.0.1','Mozilla/5.0 (Macintosh; Intel Mac OS X 10_15_7) AppleWebKit/537.36 (KHTML, like Gecko) Chrome/143.0.0.0 Safari/537.36','http://localhost:3001/','2026-01-08 18:00:46'),(513,7,'/dashboard/settings','user','127.0.0.1','Mozilla/5.0 (Macintosh; Intel Mac OS X 10_15_7) AppleWebKit/537.36 (KHTML, like Gecko) Chrome/143.0.0.0 Safari/537.36','http://localhost:3001/','2026-01-08 18:09:39'),(514,7,'/dashboard/settings','user','127.0.0.1','Mozilla/5.0 (Macintosh; Intel Mac OS X 10_15_7) AppleWebKit/537.36 (KHTML, like Gecko) Chrome/143.0.0.0 Safari/537.36','http://localhost:3001/','2026-01-08 18:10:22'),(515,7,'/dashboard/settings','user','127.0.0.1','Mozilla/5.0 (Macintosh; Intel Mac OS X 10_15_7) AppleWebKit/537.36 (KHTML, like Gecko) Chrome/143.0.0.0 Safari/537.36','http://localhost:3001/','2026-01-08 18:10:46'),(516,7,'/dashboard/settings','user','127.0.0.1','Mozilla/5.0 (Macintosh; Intel Mac OS X 10_15_7) AppleWebKit/537.36 (KHTML, like Gecko) Chrome/143.0.0.0 Safari/537.36','http://localhost:3001/','2026-01-08 18:31:54'),(517,7,'/dashboard/settings','user','127.0.0.1','Mozilla/5.0 (Macintosh; Intel Mac OS X 10_15_7) AppleWebKit/537.36 (KHTML, like Gecko) Chrome/143.0.0.0 Safari/537.36','http://localhost:3001/','2026-01-08 18:32:43'),(518,7,'/dashboard/settings','user','127.0.0.1','Mozilla/5.0 (Macintosh; Intel Mac OS X 10_15_7) AppleWebKit/537.36 (KHTML, like Gecko) Chrome/143.0.0.0 Safari/537.36','http://localhost:3001/','2026-01-08 18:34:00'),(519,7,'/dashboard/settings','user','127.0.0.1','Mozilla/5.0 (Macintosh; Intel Mac OS X 10_15_7) AppleWebKit/537.36 (KHTML, like Gecko) Chrome/143.0.0.0 Safari/537.36','http://localhost:3001/','2026-01-08 18:34:10'),(520,7,'/dashboard/settings','user','127.0.0.1','Mozilla/5.0 (Macintosh; Intel Mac OS X 10_15_7) AppleWebKit/537.36 (KHTML, like Gecko) Chrome/143.0.0.0 Safari/537.36','http://localhost:3001/','2026-01-08 18:34:35'),(521,7,'/dashboard/settings','user','127.0.0.1','Mozilla/5.0 (Macintosh; Intel Mac OS X 10_15_7) AppleWebKit/537.36 (KHTML, like Gecko) Chrome/143.0.0.0 Safari/537.36','http://localhost:3001/','2026-01-08 18:35:55'),(522,7,'/dashboard/analysis','user','127.0.0.1','Mozilla/5.0 (Macintosh; Intel Mac OS X 10_15_7) AppleWebKit/537.36 (KHTML, like Gecko) Chrome/143.0.0.0 Safari/537.36','http://localhost:3001/','2026-01-08 18:46:57'),(523,7,'/dashboard/history','user','127.0.0.1','Mozilla/5.0 (Macintosh; Intel Mac OS X 10_15_7) AppleWebKit/537.36 (KHTML, like Gecko) Chrome/143.0.0.0 Safari/537.36','http://localhost:3001/','2026-01-08 18:46:57'),(524,7,'/dashboard/recognition','user','127.0.0.1','Mozilla/5.0 (Macintosh; Intel Mac OS X 10_15_7) AppleWebKit/537.36 (KHTML, like Gecko) Chrome/143.0.0.0 Safari/537.36','http://localhost:3001/','2026-01-08 18:46:58'),(525,7,'/dashboard/overview','user','127.0.0.1','Mozilla/5.0 (Macintosh; Intel Mac OS X 10_15_7) AppleWebKit/537.36 (KHTML, like Gecko) Chrome/143.0.0.0 Safari/537.36','http://localhost:3001/','2026-01-08 18:47:00'),(526,5,'/user/list','admin','127.0.0.1','Mozilla/5.0 (Macintosh; Intel Mac OS X 10_15_7) AppleWebKit/537.36 (KHTML, like Gecko) Chrome/143.0.0.0 Safari/537.36','http://localhost:3002/','2026-01-08 18:47:03'),(527,5,'/user/list','admin','127.0.0.1','Mozilla/5.0 (Macintosh; Intel Mac OS X 10_15_7) AppleWebKit/537.36 (KHTML, like Gecko) Chrome/143.0.0.0 Safari/537.36','http://localhost:3002/','2026-01-08 18:47:10'),(528,7,'/dashboard/analysis','user','127.0.0.1','Mozilla/5.0 (Macintosh; Intel Mac OS X 10_15_7) AppleWebKit/537.36 (KHTML, like Gecko) Chrome/143.0.0.0 Safari/537.36','http://localhost:3001/','2026-01-08 18:47:15'),(529,7,'/dashboard/settings','user','127.0.0.1','Mozilla/5.0 (Macintosh; Intel Mac OS X 10_15_7) AppleWebKit/537.36 (KHTML, like Gecko) Chrome/143.0.0.0 Safari/537.36','http://localhost:3001/','2026-01-08 18:47:16'),(530,7,'/dashboard/overview','user','127.0.0.1','Mozilla/5.0 (Macintosh; Intel Mac OS X 10_15_7) AppleWebKit/537.36 (KHTML, like Gecko) Chrome/143.0.0.0 Safari/537.36','http://localhost:3001/','2026-01-08 18:48:09'),(531,7,'/dashboard/settings','user','127.0.0.1','Mozilla/5.0 (Macintosh; Intel Mac OS X 10_15_7) AppleWebKit/537.36 (KHTML, like Gecko) Chrome/143.0.0.0 Safari/537.36','http://localhost:3001/','2026-01-08 18:48:10'),(532,7,'/dashboard/overview','user','127.0.0.1','Mozilla/5.0 (Macintosh; Intel Mac OS X 10_15_7) AppleWebKit/537.36 (KHTML, like Gecko) Chrome/143.0.0.0 Safari/537.36','http://localhost:3001/','2026-01-08 18:49:02'),(533,7,'/dashboard/analysis','user','127.0.0.1','Mozilla/5.0 (Macintosh; Intel Mac OS X 10_15_7) AppleWebKit/537.36 (KHTML, like Gecko) Chrome/143.0.0.0 Safari/537.36','http://localhost:3001/','2026-01-08 18:49:03'),(534,7,'/dashboard/settings','user','127.0.0.1','Mozilla/5.0 (Macintosh; Intel Mac OS X 10_15_7) AppleWebKit/537.36 (KHTML, like Gecko) Chrome/143.0.0.0 Safari/537.36','http://localhost:3001/','2026-01-08 22:49:09'),(535,7,'/dashboard/analysis','user','127.0.0.1','Mozilla/5.0 (Macintosh; Intel Mac OS X 10_15_7) AppleWebKit/537.36 (KHTML, like Gecko) Chrome/143.0.0.0 Safari/537.36','http://localhost:3001/','2026-01-08 22:49:11'),(536,7,'/dashboard/overview','user','127.0.0.1','Mozilla/5.0 (Macintosh; Intel Mac OS X 10_15_7) AppleWebKit/537.36 (KHTML, like Gecko) Chrome/143.0.0.0 Safari/537.36','http://localhost:3001/','2026-01-08 22:49:12'),(537,7,'/dashboard/settings','user','127.0.0.1','Mozilla/5.0 (Macintosh; Intel Mac OS X 10_15_7) AppleWebKit/537.36 (KHTML, like Gecko) Chrome/143.0.0.0 Safari/537.36','http://localhost:3001/','2026-01-08 22:49:35'),(538,NULL,'/','website','127.0.0.1','Mozilla/5.0 (Macintosh; Intel Mac OS X 10_15_7) AppleWebKit/537.36 (KHTML, like Gecko) Chrome/143.0.0.0 Safari/537.36','http://localhost:3000/','2026-01-08 23:16:46'),(539,NULL,'/','website','127.0.0.1','Mozilla/5.0 (Macintosh; Intel Mac OS X 10_15_7) AppleWebKit/537.36 (KHTML, like Gecko) Chrome/143.0.0.0 Safari/537.36','http://localhost:3000/','2026-01-08 23:16:55'),(540,NULL,'/download','website','127.0.0.1','Mozilla/5.0 (Macintosh; Intel Mac OS X 10_15_7) AppleWebKit/537.36 (KHTML, like Gecko) Chrome/143.0.0.0 Safari/537.36','http://localhost:3000/','2026-01-08 23:16:58'),(541,NULL,'/documentation','website','127.0.0.1','Mozilla/5.0 (Macintosh; Intel Mac OS X 10_15_7) AppleWebKit/537.36 (KHTML, like Gecko) Chrome/143.0.0.0 Safari/537.36','http://localhost:3000/','2026-01-08 23:16:59'),(542,NULL,'/pricing','website','127.0.0.1','Mozilla/5.0 (Macintosh; Intel Mac OS X 10_15_7) AppleWebKit/537.36 (KHTML, like Gecko) Chrome/143.0.0.0 Safari/537.36','http://localhost:3000/','2026-01-08 23:17:00'),(543,NULL,'/','website','127.0.0.1','Mozilla/5.0 (Macintosh; Intel Mac OS X 10_15_7) AppleWebKit/537.36 (KHTML, like Gecko) Chrome/143.0.0.0 Safari/537.36','http://localhost:3000/','2026-01-09 00:02:34'),(544,NULL,'/contact','website','127.0.0.1','Mozilla/5.0 (Macintosh; Intel Mac OS X 10_15_7) AppleWebKit/537.36 (KHTML, like Gecko) Chrome/143.0.0.0 Safari/537.36','http://localhost:3000/','2026-01-09 00:02:39'),(545,NULL,'/download','website','127.0.0.1','Mozilla/5.0 (Macintosh; Intel Mac OS X 10_15_7) AppleWebKit/537.36 (KHTML, like Gecko) Chrome/143.0.0.0 Safari/537.36','http://localhost:3000/','2026-01-09 00:02:39'),(546,NULL,'/','website','127.0.0.1','Mozilla/5.0 (Macintosh; Intel Mac OS X 10_15_7) AppleWebKit/537.36 (KHTML, like Gecko) Chrome/143.0.0.0 Safari/537.36','http://localhost:3000/','2026-01-09 00:02:40'),(547,NULL,'/','website','127.0.0.1','Mozilla/5.0 (Macintosh; Intel Mac OS X 10_15_7) AppleWebKit/537.36 (KHTML, like Gecko) Chrome/143.0.0.0 Safari/537.36','http://localhost:3000/','2026-01-09 00:02:42'),(548,NULL,'/pricing','website','127.0.0.1','Mozilla/5.0 (Macintosh; Intel Mac OS X 10_15_7) AppleWebKit/537.36 (KHTML, like Gecko) Chrome/143.0.0.0 Safari/537.36','http://localhost:3000/','2026-01-09 00:03:19'),(549,NULL,'/pricing','website','127.0.0.1','Mozilla/5.0 (Macintosh; Intel Mac OS X 10_15_7) AppleWebKit/537.36 (KHTML, like Gecko) Chrome/143.0.0.0 Safari/537.36','http://localhost:3000/','2026-01-09 00:03:58'),(550,7,'/dashboard/analysis','user','127.0.0.1','Mozilla/5.0 (Macintosh; Intel Mac OS X 10_15_7) AppleWebKit/537.36 (KHTML, like Gecko) Chrome/143.0.0.0 Safari/537.36','http://localhost:3001/','2026-01-09 00:14:37'),(551,7,'/dashboard/settings','user','127.0.0.1','Mozilla/5.0 (Macintosh; Intel Mac OS X 10_15_7) AppleWebKit/537.36 (KHTML, like Gecko) Chrome/143.0.0.0 Safari/537.36','http://localhost:3001/','2026-01-09 00:14:38'),(552,5,'/permission/role','admin','127.0.0.1','Mozilla/5.0 (Macintosh; Intel Mac OS X 10_15_7) AppleWebKit/537.36 (KHTML, like Gecko) Chrome/143.0.0.0 Safari/537.36','http://localhost:3002/','2026-01-09 00:17:28'),(553,5,'/recognition/tasks','admin','127.0.0.1','Mozilla/5.0 (Macintosh; Intel Mac OS X 10_15_7) AppleWebKit/537.36 (KHTML, like Gecko) Chrome/143.0.0.0 Safari/537.36','http://localhost:3002/','2026-01-09 00:17:29'),(554,5,'/content/site','admin','127.0.0.1','Mozilla/5.0 (Macintosh; Intel Mac OS X 10_15_7) AppleWebKit/537.36 (KHTML, like Gecko) Chrome/143.0.0.0 Safari/537.36','http://localhost:3002/','2026-01-09 00:17:32'),(555,5,'/log/operation','admin','127.0.0.1','Mozilla/5.0 (Macintosh; Intel Mac OS X 10_15_7) AppleWebKit/537.36 (KHTML, like Gecko) Chrome/143.0.0.0 Safari/537.36','http://localhost:3002/','2026-01-09 00:17:40'),(556,5,'/statistics/recognition','admin','127.0.0.1','Mozilla/5.0 (Macintosh; Intel Mac OS X 10_15_7) AppleWebKit/537.36 (KHTML, like Gecko) Chrome/143.0.0.0 Safari/537.36','http://localhost:3002/','2026-01-09 00:17:47'),(557,7,'/dashboard/overview','user','127.0.0.1','Mozilla/5.0 (Macintosh; Intel Mac OS X 10_15_7) AppleWebKit/537.36 (KHTML, like Gecko) Chrome/143.0.0.0 Safari/537.36','http://localhost:3001/','2026-01-09 00:22:38'),(558,7,'/dashboard/settings','user','127.0.0.1','Mozilla/5.0 (Macintosh; Intel Mac OS X 10_15_7) AppleWebKit/537.36 (KHTML, like Gecko) Chrome/143.0.0.0 Safari/537.36','http://localhost:3001/','2026-01-09 00:22:39'),(559,7,'/dashboard/settings','user','127.0.0.1','Mozilla/5.0 (Macintosh; Intel Mac OS X 10_15_7) AppleWebKit/537.36 (KHTML, like Gecko) Chrome/143.0.0.0 Safari/537.36','http://localhost:3001/','2026-01-09 00:23:25'),(560,7,'/dashboard/settings','user','127.0.0.1','Mozilla/5.0 (Macintosh; Intel Mac OS X 10_15_7) AppleWebKit/537.36 (KHTML, like Gecko) Chrome/143.0.0.0 Safari/537.36','http://localhost:3001/','2026-01-09 00:24:44'),(561,7,'/dashboard/settings','user','127.0.0.1','Mozilla/5.0 (Macintosh; Intel Mac OS X 10_15_7) AppleWebKit/537.36 (KHTML, like Gecko) Chrome/143.0.0.0 Safari/537.36','http://localhost:3001/','2026-01-09 00:25:03'),(562,7,'/dashboard/analysis','user','127.0.0.1','Mozilla/5.0 (Macintosh; Intel Mac OS X 10_15_7) AppleWebKit/537.36 (KHTML, like Gecko) Chrome/143.0.0.0 Safari/537.36','http://localhost:3001/','2026-01-09 00:25:20'),(563,7,'/dashboard/overview','user','127.0.0.1','Mozilla/5.0 (Macintosh; Intel Mac OS X 10_15_7) AppleWebKit/537.36 (KHTML, like Gecko) Chrome/143.0.0.0 Safari/537.36','http://localhost:3001/','2026-01-09 00:25:20'),(564,5,'/finance/reports','admin','127.0.0.1','Mozilla/5.0 (Macintosh; Intel Mac OS X 10_15_7) AppleWebKit/537.36 (KHTML, like Gecko) Chrome/143.0.0.0 Safari/537.36','http://localhost:3002/','2026-01-09 00:27:03'),(565,5,'/finance/orders','admin','127.0.0.1','Mozilla/5.0 (Macintosh; Intel Mac OS X 10_15_7) AppleWebKit/537.36 (KHTML, like Gecko) Chrome/143.0.0.0 Safari/537.36','http://localhost:3002/','2026-01-09 01:48:32'),(566,5,'/finance/orders','admin','127.0.0.1','Mozilla/5.0 (Macintosh; Intel Mac OS X 10_15_7) AppleWebKit/537.36 (KHTML, like Gecko) Chrome/143.0.0.0 Safari/537.36','http://localhost:3002/','2026-01-09 01:48:43'),(567,5,'/finance/reports','admin','127.0.0.1','Mozilla/5.0 (Macintosh; Intel Mac OS X 10_15_7) AppleWebKit/537.36 (KHTML, like Gecko) Chrome/143.0.0.0 Safari/537.36','http://localhost:3002/','2026-01-09 01:50:50'),(568,5,'/finance/packages','admin','127.0.0.1','Mozilla/5.0 (Macintosh; Intel Mac OS X 10_15_7) AppleWebKit/537.36 (KHTML, like Gecko) Chrome/143.0.0.0 Safari/537.36','http://localhost:3002/','2026-01-09 01:50:51'),(569,5,'/finance/orders','admin','127.0.0.1','Mozilla/5.0 (Macintosh; Intel Mac OS X 10_15_7) AppleWebKit/537.36 (KHTML, like Gecko) Chrome/143.0.0.0 Safari/537.36','http://localhost:3002/','2026-01-09 01:50:51'),(570,5,'/finance/packages','admin','127.0.0.1','Mozilla/5.0 (Macintosh; Intel Mac OS X 10_15_7) AppleWebKit/537.36 (KHTML, like Gecko) Chrome/143.0.0.0 Safari/537.36','http://localhost:3002/','2026-01-09 01:50:52'),(571,5,'/finance/reports','admin','127.0.0.1','Mozilla/5.0 (Macintosh; Intel Mac OS X 10_15_7) AppleWebKit/537.36 (KHTML, like Gecko) Chrome/143.0.0.0 Safari/537.36','http://localhost:3002/','2026-01-09 01:50:53'),(572,5,'/finance/reports','admin','127.0.0.1','Mozilla/5.0 (Macintosh; Intel Mac OS X 10_15_7) AppleWebKit/537.36 (KHTML, like Gecko) Chrome/143.0.0.0 Safari/537.36','http://localhost:3002/','2026-01-09 01:50:56'),(573,5,'/finance/orders','admin','127.0.0.1','Mozilla/5.0 (Macintosh; Intel Mac OS X 10_15_7) AppleWebKit/537.36 (KHTML, like Gecko) Chrome/143.0.0.0 Safari/537.36','http://localhost:3002/','2026-01-09 02:20:19'),(574,5,'/finance/packages','admin','127.0.0.1','Mozilla/5.0 (Macintosh; Intel Mac OS X 10_15_7) AppleWebKit/537.36 (KHTML, like Gecko) Chrome/143.0.0.0 Safari/537.36','http://localhost:3002/','2026-01-09 02:20:26'),(575,5,'/finance/reports','admin','127.0.0.1','Mozilla/5.0 (Macintosh; Intel Mac OS X 10_15_7) AppleWebKit/537.36 (KHTML, like Gecko) Chrome/143.0.0.0 Safari/537.36','http://localhost:3002/','2026-01-09 02:20:30'),(576,5,'/finance/orders','admin','127.0.0.1','Mozilla/5.0 (Macintosh; Intel Mac OS X 10_15_7) AppleWebKit/537.36 (KHTML, like Gecko) Chrome/143.0.0.0 Safari/537.36','http://localhost:3002/','2026-01-09 02:20:34'),(577,5,'/finance/packages','admin','127.0.0.1','Mozilla/5.0 (Macintosh; Intel Mac OS X 10_15_7) AppleWebKit/537.36 (KHTML, like Gecko) Chrome/143.0.0.0 Safari/537.36','http://localhost:3002/','2026-01-09 02:20:38'),(578,5,'/finance/orders','admin','127.0.0.1','Mozilla/5.0 (Macintosh; Intel Mac OS X 10_15_7) AppleWebKit/537.36 (KHTML, like Gecko) Chrome/143.0.0.0 Safari/537.36','http://localhost:3002/','2026-01-09 02:21:02'),(579,5,'/finance/reports','admin','127.0.0.1','Mozilla/5.0 (Macintosh; Intel Mac OS X 10_15_7) AppleWebKit/537.36 (KHTML, like Gecko) Chrome/143.0.0.0 Safari/537.36','http://localhost:3002/','2026-01-09 02:21:03'),(580,5,'/finance/packages','admin','127.0.0.1','Mozilla/5.0 (Macintosh; Intel Mac OS X 10_15_7) AppleWebKit/537.36 (KHTML, like Gecko) Chrome/143.0.0.0 Safari/537.36','http://localhost:3002/','2026-01-09 02:21:04'),(581,5,'/finance/orders','admin','127.0.0.1','Mozilla/5.0 (Macintosh; Intel Mac OS X 10_15_7) AppleWebKit/537.36 (KHTML, like Gecko) Chrome/143.0.0.0 Safari/537.36','http://localhost:3002/','2026-01-09 02:22:44'),(582,5,'/finance/reports','admin','127.0.0.1','Mozilla/5.0 (Macintosh; Intel Mac OS X 10_15_7) AppleWebKit/537.36 (KHTML, like Gecko) Chrome/143.0.0.0 Safari/537.36','http://localhost:3002/','2026-01-09 02:22:45'),(583,5,'/finance/packages','admin','127.0.0.1','Mozilla/5.0 (Macintosh; Intel Mac OS X 10_15_7) AppleWebKit/537.36 (KHTML, like Gecko) Chrome/143.0.0.0 Safari/537.36','http://localhost:3002/','2026-01-09 02:22:46'),(584,5,'/finance/orders','admin','127.0.0.1','Mozilla/5.0 (Macintosh; Intel Mac OS X 10_15_7) AppleWebKit/537.36 (KHTML, like Gecko) Chrome/143.0.0.0 Safari/537.36','http://localhost:3002/','2026-01-09 02:34:42'),(585,5,'/finance/packages','admin','127.0.0.1','Mozilla/5.0 (Macintosh; Intel Mac OS X 10_15_7) AppleWebKit/537.36 (KHTML, like Gecko) Chrome/143.0.0.0 Safari/537.36','http://localhost:3002/','2026-01-09 02:34:43'),(586,5,'/finance/reports','admin','127.0.0.1','Mozilla/5.0 (Macintosh; Intel Mac OS X 10_15_7) AppleWebKit/537.36 (KHTML, like Gecko) Chrome/143.0.0.0 Safari/537.36','http://localhost:3002/','2026-01-09 02:34:47'),(587,5,'/finance/packages','admin','127.0.0.1','Mozilla/5.0 (Macintosh; Intel Mac OS X 10_15_7) AppleWebKit/537.36 (KHTML, like Gecko) Chrome/143.0.0.0 Safari/537.36','http://localhost:3002/','2026-01-09 02:34:47'),(588,5,'/finance/packages','admin','127.0.0.1','Mozilla/5.0 (Macintosh; Intel Mac OS X 10_15_7) AppleWebKit/537.36 (KHTML, like Gecko) Chrome/143.0.0.0 Safari/537.36','http://localhost:3002/','2026-01-09 02:46:45'),(589,5,'/finance/orders','admin','127.0.0.1','Mozilla/5.0 (Macintosh; Intel Mac OS X 10_15_7) AppleWebKit/537.36 (KHTML, like Gecko) Chrome/143.0.0.0 Safari/537.36','http://localhost:3002/','2026-01-09 02:48:53'),(590,5,'/finance/packages','admin','127.0.0.1','Mozilla/5.0 (Macintosh; Intel Mac OS X 10_15_7) AppleWebKit/537.36 (KHTML, like Gecko) Chrome/143.0.0.0 Safari/537.36','http://localhost:3002/','2026-01-09 02:48:57'),(591,5,'/content/site','admin','127.0.0.1','Mozilla/5.0 (Macintosh; Intel Mac OS X 10_15_7) AppleWebKit/537.36 (KHTML, like Gecko) Chrome/143.0.0.0 Safari/537.36','http://localhost:3002/','2026-01-09 02:51:53'),(592,5,'/content/docs','admin','127.0.0.1','Mozilla/5.0 (Macintosh; Intel Mac OS X 10_15_7) AppleWebKit/537.36 (KHTML, like Gecko) Chrome/143.0.0.0 Safari/537.36','http://localhost:3002/','2026-01-09 02:51:53'),(593,5,'/content/site','admin','127.0.0.1','Mozilla/5.0 (Macintosh; Intel Mac OS X 10_15_7) AppleWebKit/537.36 (KHTML, like Gecko) Chrome/143.0.0.0 Safari/537.36','http://localhost:3002/','2026-01-09 02:51:54'),(594,5,'/content/announcement','admin','127.0.0.1','Mozilla/5.0 (Macintosh; Intel Mac OS X 10_15_7) AppleWebKit/537.36 (KHTML, like Gecko) Chrome/143.0.0.0 Safari/537.36','http://localhost:3002/','2026-01-09 02:52:01'),(595,5,'/content/announcement','admin','127.0.0.1','Mozilla/5.0 (Macintosh; Intel Mac OS X 10_15_7) AppleWebKit/537.36 (KHTML, like Gecko) Chrome/143.0.0.0 Safari/537.36','http://localhost:3002/','2026-01-09 02:56:32'),(596,5,'/finance/packages','admin','127.0.0.1','Mozilla/5.0 (Macintosh; Intel Mac OS X 10_15_7) AppleWebKit/537.36 (KHTML, like Gecko) Chrome/143.0.0.0 Safari/537.36','http://localhost:3002/','2026-01-09 02:56:38'),(597,7,'/dashboard/overview','user','127.0.0.1','Mozilla/5.0 (Macintosh; Intel Mac OS X 10_15_7) AppleWebKit/537.36 (KHTML, like Gecko) Chrome/143.0.0.0 Safari/537.36','http://localhost:3001/','2026-01-09 02:57:10'),(598,5,'/dashboard/overview','admin','127.0.0.1','Mozilla/5.0 (Macintosh; Intel Mac OS X 10_15_7) AppleWebKit/537.36 (KHTML, like Gecko) Chrome/143.0.0.0 Safari/537.36','http://localhost:3002/','2026-01-09 02:57:15'),(599,5,'/finance/packages','admin','127.0.0.1','Mozilla/5.0 (Macintosh; Intel Mac OS X 10_15_7) AppleWebKit/537.36 (KHTML, like Gecko) Chrome/143.0.0.0 Safari/537.36','http://localhost:3002/','2026-01-09 02:58:20'),(600,5,'/finance/packages','admin','127.0.0.1','Mozilla/5.0 (Macintosh; Intel Mac OS X 10_15_7) AppleWebKit/537.36 (KHTML, like Gecko) Chrome/143.0.0.0 Safari/537.36','http://localhost:3002/','2026-01-09 02:58:52'),(601,5,'/permission/role','admin','127.0.0.1','Mozilla/5.0 (Macintosh; Intel Mac OS X 10_15_7) AppleWebKit/537.36 (KHTML, like Gecko) Chrome/143.0.0.0 Safari/537.36','http://localhost:3002/','2026-01-09 03:00:06'),(602,5,'/permission/management','admin','127.0.0.1','Mozilla/5.0 (Macintosh; Intel Mac OS X 10_15_7) AppleWebKit/537.36 (KHTML, like Gecko) Chrome/143.0.0.0 Safari/537.36','http://localhost:3002/','2026-01-09 03:00:07'),(603,5,'/permission/admin','admin','127.0.0.1','Mozilla/5.0 (Macintosh; Intel Mac OS X 10_15_7) AppleWebKit/537.36 (KHTML, like Gecko) Chrome/143.0.0.0 Safari/537.36','http://localhost:3002/','2026-01-09 03:00:09'),(604,5,'/log/security','admin','127.0.0.1','Mozilla/5.0 (Macintosh; Intel Mac OS X 10_15_7) AppleWebKit/537.36 (KHTML, like Gecko) Chrome/143.0.0.0 Safari/537.36','http://localhost:3002/','2026-01-09 03:00:17'),(605,5,'/log/operation','admin','127.0.0.1','Mozilla/5.0 (Macintosh; Intel Mac OS X 10_15_7) AppleWebKit/537.36 (KHTML, like Gecko) Chrome/143.0.0.0 Safari/537.36','http://localhost:3002/','2026-01-09 03:00:20'),(606,5,'/log/security','admin','127.0.0.1','Mozilla/5.0 (Macintosh; Intel Mac OS X 10_15_7) AppleWebKit/537.36 (KHTML, like Gecko) Chrome/143.0.0.0 Safari/537.36','http://localhost:3002/','2026-01-09 03:00:23'),(607,5,'/log/system','admin','127.0.0.1','Mozilla/5.0 (Macintosh; Intel Mac OS X 10_15_7) AppleWebKit/537.36 (KHTML, like Gecko) Chrome/143.0.0.0 Safari/537.36','http://localhost:3002/','2026-01-09 03:00:25'),(608,5,'/setting/base','admin','127.0.0.1','Mozilla/5.0 (Macintosh; Intel Mac OS X 10_15_7) AppleWebKit/537.36 (KHTML, like Gecko) Chrome/143.0.0.0 Safari/537.36','http://localhost:3002/','2026-01-09 03:00:29'),(609,5,'/setting/quotas','admin','127.0.0.1','Mozilla/5.0 (Macintosh; Intel Mac OS X 10_15_7) AppleWebKit/537.36 (KHTML, like Gecko) Chrome/143.0.0.0 Safari/537.36','http://localhost:3002/','2026-01-09 03:00:32'),(610,5,'/permission/management','admin','127.0.0.1','Mozilla/5.0 (Macintosh; Intel Mac OS X 10_15_7) AppleWebKit/537.36 (KHTML, like Gecko) Chrome/143.0.0.0 Safari/537.36','http://localhost:3002/','2026-01-09 03:00:41'),(611,5,'/permission/admin','admin','127.0.0.1','Mozilla/5.0 (Macintosh; Intel Mac OS X 10_15_7) AppleWebKit/537.36 (KHTML, like Gecko) Chrome/143.0.0.0 Safari/537.36','http://localhost:3002/','2026-01-09 03:00:44'),(612,5,'/permission/role','admin','127.0.0.1','Mozilla/5.0 (Macintosh; Intel Mac OS X 10_15_7) AppleWebKit/537.36 (KHTML, like Gecko) Chrome/143.0.0.0 Safari/537.36','http://localhost:3002/','2026-01-09 03:00:46'),(613,5,'/finance/orders','admin','127.0.0.1','Mozilla/5.0 (Macintosh; Intel Mac OS X 10_15_7) AppleWebKit/537.36 (KHTML, like Gecko) Chrome/143.0.0.0 Safari/537.36','http://localhost:3002/','2026-01-09 03:12:01'),(614,5,'/finance/packages','admin','127.0.0.1','Mozilla/5.0 (Macintosh; Intel Mac OS X 10_15_7) AppleWebKit/537.36 (KHTML, like Gecko) Chrome/143.0.0.0 Safari/537.36','http://localhost:3002/','2026-01-09 03:12:02'),(615,5,'/finance/orders','admin','127.0.0.1','Mozilla/5.0 (Macintosh; Intel Mac OS X 10_15_7) AppleWebKit/537.36 (KHTML, like Gecko) Chrome/143.0.0.0 Safari/537.36','http://localhost:3002/','2026-01-09 03:44:36'),(616,5,'/finance/packages','admin','127.0.0.1','Mozilla/5.0 (Macintosh; Intel Mac OS X 10_15_7) AppleWebKit/537.36 (KHTML, like Gecko) Chrome/143.0.0.0 Safari/537.36','http://localhost:3002/','2026-01-09 03:44:39'),(617,5,'/permission/role','admin','127.0.0.1','Mozilla/5.0 (Macintosh; Intel Mac OS X 10_15_7) AppleWebKit/537.36 (KHTML, like Gecko) Chrome/143.0.0.0 Safari/537.36','http://localhost:3002/','2026-01-09 03:44:42'),(618,5,'/permission/management','admin','127.0.0.1','Mozilla/5.0 (Macintosh; Intel Mac OS X 10_15_7) AppleWebKit/537.36 (KHTML, like Gecko) Chrome/143.0.0.0 Safari/537.36','http://localhost:3002/','2026-01-09 03:44:43'),(619,5,'/permission/admin','admin','127.0.0.1','Mozilla/5.0 (Macintosh; Intel Mac OS X 10_15_7) AppleWebKit/537.36 (KHTML, like Gecko) Chrome/143.0.0.0 Safari/537.36','http://localhost:3002/','2026-01-09 03:44:43'),(620,5,'/user/list','admin','127.0.0.1','Mozilla/5.0 (Macintosh; Intel Mac OS X 10_15_7) AppleWebKit/537.36 (KHTML, like Gecko) Chrome/143.0.0.0 Safari/537.36','http://localhost:3002/','2026-01-09 03:44:46'),(621,5,'/user/verification','admin','127.0.0.1','Mozilla/5.0 (Macintosh; Intel Mac OS X 10_15_7) AppleWebKit/537.36 (KHTML, like Gecko) Chrome/143.0.0.0 Safari/537.36','http://localhost:3002/','2026-01-09 03:44:47'),(622,5,'/user/tags','admin','127.0.0.1','Mozilla/5.0 (Macintosh; Intel Mac OS X 10_15_7) AppleWebKit/537.36 (KHTML, like Gecko) Chrome/143.0.0.0 Safari/537.36','http://localhost:3002/','2026-01-09 03:44:48'),(623,5,'/permission/admin','admin','127.0.0.1','Mozilla/5.0 (Macintosh; Intel Mac OS X 10_15_7) AppleWebKit/537.36 (KHTML, like Gecko) Chrome/143.0.0.0 Safari/537.36','http://localhost:3002/','2026-01-09 03:44:49'),(624,5,'/content/site','admin','127.0.0.1','Mozilla/5.0 (Macintosh; Intel Mac OS X 10_15_7) AppleWebKit/537.36 (KHTML, like Gecko) Chrome/143.0.0.0 Safari/537.36','http://localhost:3002/','2026-01-09 03:44:51'),(625,5,'/content/docs','admin','127.0.0.1','Mozilla/5.0 (Macintosh; Intel Mac OS X 10_15_7) AppleWebKit/537.36 (KHTML, like Gecko) Chrome/143.0.0.0 Safari/537.36','http://localhost:3002/','2026-01-09 03:45:03'),(626,5,'/content/site','admin','127.0.0.1','Mozilla/5.0 (Macintosh; Intel Mac OS X 10_15_7) AppleWebKit/537.36 (KHTML, like Gecko) Chrome/143.0.0.0 Safari/537.36','http://localhost:3002/','2026-01-09 03:45:05'),(627,5,'/content/announcement','admin','127.0.0.1','Mozilla/5.0 (Macintosh; Intel Mac OS X 10_15_7) AppleWebKit/537.36 (KHTML, like Gecko) Chrome/143.0.0.0 Safari/537.36','http://localhost:3002/','2026-01-09 03:45:08'),(628,5,'/content/faq','admin','127.0.0.1','Mozilla/5.0 (Macintosh; Intel Mac OS X 10_15_7) AppleWebKit/537.36 (KHTML, like Gecko) Chrome/143.0.0.0 Safari/537.36','http://localhost:3002/','2026-01-09 03:45:09'),(629,5,'/content/faq','admin','127.0.0.1','Mozilla/5.0 (Macintosh; Intel Mac OS X 10_15_7) AppleWebKit/537.36 (KHTML, like Gecko) Chrome/143.0.0.0 Safari/537.36','http://localhost:3002/','2026-01-09 03:45:16'),(630,5,'/content/announcement','admin','127.0.0.1','Mozilla/5.0 (Macintosh; Intel Mac OS X 10_15_7) AppleWebKit/537.36 (KHTML, like Gecko) Chrome/143.0.0.0 Safari/537.36','http://localhost:3002/','2026-01-09 03:45:30'),(631,5,'/content/faq','admin','127.0.0.1','Mozilla/5.0 (Macintosh; Intel Mac OS X 10_15_7) AppleWebKit/537.36 (KHTML, like Gecko) Chrome/143.0.0.0 Safari/537.36','http://localhost:3002/','2026-01-09 03:45:33'),(632,5,'/content/docs','admin','127.0.0.1','Mozilla/5.0 (Macintosh; Intel Mac OS X 10_15_7) AppleWebKit/537.36 (KHTML, like Gecko) Chrome/143.0.0.0 Safari/537.36','http://localhost:3002/','2026-01-09 03:45:34'),(633,5,'/content/site','admin','127.0.0.1','Mozilla/5.0 (Macintosh; Intel Mac OS X 10_15_7) AppleWebKit/537.36 (KHTML, like Gecko) Chrome/143.0.0.0 Safari/537.36','http://localhost:3002/','2026-01-09 03:45:35'),(634,5,'/content/faq','admin','127.0.0.1','Mozilla/5.0 (Macintosh; Intel Mac OS X 10_15_7) AppleWebKit/537.36 (KHTML, like Gecko) Chrome/143.0.0.0 Safari/537.36','http://localhost:3002/','2026-01-09 03:45:40'),(635,NULL,'/','website','127.0.0.1','Mozilla/5.0 (Macintosh; Intel Mac OS X 10_15_7) AppleWebKit/537.36 (KHTML, like Gecko) Chrome/143.0.0.0 Safari/537.36','http://localhost:3000/','2026-01-09 03:45:47'),(636,5,'/dashboard/overview','admin','127.0.0.1','Mozilla/5.0 (Macintosh; Intel Mac OS X 10_15_7) AppleWebKit/537.36 (KHTML, like Gecko) Chrome/143.0.0.0 Safari/537.36','http://localhost:3002/','2026-01-09 03:45:49'),(637,5,'/content/site','admin','127.0.0.1','Mozilla/5.0 (Macintosh; Intel Mac OS X 10_15_7) AppleWebKit/537.36 (KHTML, like Gecko) Chrome/143.0.0.0 Safari/537.36','http://localhost:3002/','2026-01-09 03:45:55'),(638,5,'/content/docs','admin','127.0.0.1','Mozilla/5.0 (Macintosh; Intel Mac OS X 10_15_7) AppleWebKit/537.36 (KHTML, like Gecko) Chrome/143.0.0.0 Safari/537.36','http://localhost:3002/','2026-01-09 03:45:56'),(639,5,'/content/announcement','admin','127.0.0.1','Mozilla/5.0 (Macintosh; Intel Mac OS X 10_15_7) AppleWebKit/537.36 (KHTML, like Gecko) Chrome/143.0.0.0 Safari/537.36','http://localhost:3002/','2026-01-09 03:45:57'),(640,5,'/content/faq','admin','127.0.0.1','Mozilla/5.0 (Macintosh; Intel Mac OS X 10_15_7) AppleWebKit/537.36 (KHTML, like Gecko) Chrome/143.0.0.0 Safari/537.36','http://localhost:3002/','2026-01-09 03:45:58'),(641,5,'/finance/packages','admin','127.0.0.1','Mozilla/5.0 (Macintosh; Intel Mac OS X 10_15_7) AppleWebKit/537.36 (KHTML, like Gecko) Chrome/143.0.0.0 Safari/537.36','http://localhost:3002/','2026-01-09 03:46:56'),(642,5,'/finance/orders','admin','127.0.0.1','Mozilla/5.0 (Macintosh; Intel Mac OS X 10_15_7) AppleWebKit/537.36 (KHTML, like Gecko) Chrome/143.0.0.0 Safari/537.36','http://localhost:3002/','2026-01-09 03:47:02'),(643,5,'/finance/reports','admin','127.0.0.1','Mozilla/5.0 (Macintosh; Intel Mac OS X 10_15_7) AppleWebKit/537.36 (KHTML, like Gecko) Chrome/143.0.0.0 Safari/537.36','http://localhost:3002/','2026-01-09 03:47:03'),(644,5,'/content/site','admin','127.0.0.1','Mozilla/5.0 (Macintosh; Intel Mac OS X 10_15_7) AppleWebKit/537.36 (KHTML, like Gecko) Chrome/143.0.0.0 Safari/537.36','http://localhost:3002/','2026-01-09 03:47:32'),(645,5,'/content/faq','admin','127.0.0.1','Mozilla/5.0 (Macintosh; Intel Mac OS X 10_15_7) AppleWebKit/537.36 (KHTML, like Gecko) Chrome/143.0.0.0 Safari/537.36','http://localhost:3002/','2026-01-09 03:48:58'),(646,5,'/content/docs','admin','127.0.0.1','Mozilla/5.0 (Macintosh; Intel Mac OS X 10_15_7) AppleWebKit/537.36 (KHTML, like Gecko) Chrome/143.0.0.0 Safari/537.36','http://localhost:3002/','2026-01-09 03:48:59'),(647,5,'/content/announcement','admin','127.0.0.1','Mozilla/5.0 (Macintosh; Intel Mac OS X 10_15_7) AppleWebKit/537.36 (KHTML, like Gecko) Chrome/143.0.0.0 Safari/537.36','http://localhost:3002/','2026-01-09 03:49:00'),(648,5,'/content/faq','admin','127.0.0.1','Mozilla/5.0 (Macintosh; Intel Mac OS X 10_15_7) AppleWebKit/537.36 (KHTML, like Gecko) Chrome/143.0.0.0 Safari/537.36','http://localhost:3002/','2026-01-09 03:49:01'),(649,5,'/content/site','admin','127.0.0.1','Mozilla/5.0 (Macintosh; Intel Mac OS X 10_15_7) AppleWebKit/537.36 (KHTML, like Gecko) Chrome/143.0.0.0 Safari/537.36','http://localhost:3002/','2026-01-09 03:49:25'),(650,5,'/content/docs','admin','127.0.0.1','Mozilla/5.0 (Macintosh; Intel Mac OS X 10_15_7) AppleWebKit/537.36 (KHTML, like Gecko) Chrome/143.0.0.0 Safari/537.36','http://localhost:3002/','2026-01-09 03:49:26'),(651,5,'/content/announcement','admin','127.0.0.1','Mozilla/5.0 (Macintosh; Intel Mac OS X 10_15_7) AppleWebKit/537.36 (KHTML, like Gecko) Chrome/143.0.0.0 Safari/537.36','http://localhost:3002/','2026-01-09 03:49:26'),(652,5,'/content/announcement','admin','127.0.0.1','Mozilla/5.0 (Macintosh; Intel Mac OS X 10_15_7) AppleWebKit/537.36 (KHTML, like Gecko) Chrome/143.0.0.0 Safari/537.36','http://localhost:3002/','2026-01-09 03:49:27'),(653,5,'/content/faq','admin','127.0.0.1','Mozilla/5.0 (Macintosh; Intel Mac OS X 10_15_7) AppleWebKit/537.36 (KHTML, like Gecko) Chrome/143.0.0.0 Safari/537.36','http://localhost:3002/','2026-01-09 03:49:28'),(654,5,'/content/announcement','admin','127.0.0.1','Mozilla/5.0 (Macintosh; Intel Mac OS X 10_15_7) AppleWebKit/537.36 (KHTML, like Gecko) Chrome/143.0.0.0 Safari/537.36','http://localhost:3002/','2026-01-09 03:49:28'),(655,5,'/content/faq','admin','127.0.0.1','Mozilla/5.0 (Macintosh; Intel Mac OS X 10_15_7) AppleWebKit/537.36 (KHTML, like Gecko) Chrome/143.0.0.0 Safari/537.36','http://localhost:3002/','2026-01-09 03:49:36'),(656,5,'/content/site','admin','127.0.0.1','Mozilla/5.0 (Macintosh; Intel Mac OS X 10_15_7) AppleWebKit/537.36 (KHTML, like Gecko) Chrome/143.0.0.0 Safari/537.36','http://localhost:3002/','2026-01-09 03:49:54'),(657,5,'/content/site','admin','127.0.0.1','Mozilla/5.0 (Macintosh; Intel Mac OS X 10_15_7) AppleWebKit/537.36 (KHTML, like Gecko) Chrome/143.0.0.0 Safari/537.36','http://localhost:3002/','2026-01-09 03:52:16'),(658,5,'/content/docs','admin','127.0.0.1','Mozilla/5.0 (Macintosh; Intel Mac OS X 10_15_7) AppleWebKit/537.36 (KHTML, like Gecko) Chrome/143.0.0.0 Safari/537.36','http://localhost:3002/','2026-01-09 03:53:18'),(659,5,'/content/announcement','admin','127.0.0.1','Mozilla/5.0 (Macintosh; Intel Mac OS X 10_15_7) AppleWebKit/537.36 (KHTML, like Gecko) Chrome/143.0.0.0 Safari/537.36','http://localhost:3002/','2026-01-09 03:53:19'),(660,5,'/content/faq','admin','127.0.0.1','Mozilla/5.0 (Macintosh; Intel Mac OS X 10_15_7) AppleWebKit/537.36 (KHTML, like Gecko) Chrome/143.0.0.0 Safari/537.36','http://localhost:3002/','2026-01-09 03:53:20'),(661,5,'/content/announcement','admin','127.0.0.1','Mozilla/5.0 (Macintosh; Intel Mac OS X 10_15_7) AppleWebKit/537.36 (KHTML, like Gecko) Chrome/143.0.0.0 Safari/537.36','http://localhost:3002/','2026-01-09 03:53:27'),(662,5,'/content/docs','admin','127.0.0.1','Mozilla/5.0 (Macintosh; Intel Mac OS X 10_15_7) AppleWebKit/537.36 (KHTML, like Gecko) Chrome/143.0.0.0 Safari/537.36','http://localhost:3002/','2026-01-09 03:53:28'),(663,5,'/content/site','admin','127.0.0.1','Mozilla/5.0 (Macintosh; Intel Mac OS X 10_15_7) AppleWebKit/537.36 (KHTML, like Gecko) Chrome/143.0.0.0 Safari/537.36','http://localhost:3002/','2026-01-09 03:53:29'),(664,5,'/content/announcement','admin','127.0.0.1','Mozilla/5.0 (Macintosh; Intel Mac OS X 10_15_7) AppleWebKit/537.36 (KHTML, like Gecko) Chrome/143.0.0.0 Safari/537.36','http://localhost:3002/','2026-01-09 03:53:31'),(665,5,'/finance/orders','admin','127.0.0.1','Mozilla/5.0 (Macintosh; Intel Mac OS X 10_15_7) AppleWebKit/537.36 (KHTML, like Gecko) Chrome/143.0.0.0 Safari/537.36','http://localhost:3002/','2026-01-09 03:53:34'),(666,5,'/finance/packages','admin','127.0.0.1','Mozilla/5.0 (Macintosh; Intel Mac OS X 10_15_7) AppleWebKit/537.36 (KHTML, like Gecko) Chrome/143.0.0.0 Safari/537.36','http://localhost:3002/','2026-01-09 03:53:35'),(667,5,'/finance/reports','admin','127.0.0.1','Mozilla/5.0 (Macintosh; Intel Mac OS X 10_15_7) AppleWebKit/537.36 (KHTML, like Gecko) Chrome/143.0.0.0 Safari/537.36','http://localhost:3002/','2026-01-09 03:53:36'),(668,5,'/statistics/user','admin','127.0.0.1','Mozilla/5.0 (Macintosh; Intel Mac OS X 10_15_7) AppleWebKit/537.36 (KHTML, like Gecko) Chrome/143.0.0.0 Safari/537.36','http://localhost:3002/','2026-01-09 03:53:38'),(669,5,'/statistics/recognition','admin','127.0.0.1','Mozilla/5.0 (Macintosh; Intel Mac OS X 10_15_7) AppleWebKit/537.36 (KHTML, like Gecko) Chrome/143.0.0.0 Safari/537.36','http://localhost:3002/','2026-01-09 03:53:39'),(670,5,'/statistics/board','admin','127.0.0.1','Mozilla/5.0 (Macintosh; Intel Mac OS X 10_15_7) AppleWebKit/537.36 (KHTML, like Gecko) Chrome/143.0.0.0 Safari/537.36','http://localhost:3002/','2026-01-09 03:53:40'),(671,5,'/permission/role','admin','127.0.0.1','Mozilla/5.0 (Macintosh; Intel Mac OS X 10_15_7) AppleWebKit/537.36 (KHTML, like Gecko) Chrome/143.0.0.0 Safari/537.36','http://localhost:3002/','2026-01-09 03:53:45'),(672,5,'/finance/packages','admin','127.0.0.1','Mozilla/5.0 (Macintosh; Intel Mac OS X 10_15_7) AppleWebKit/537.36 (KHTML, like Gecko) Chrome/143.0.0.0 Safari/537.36','http://localhost:3002/','2026-01-09 03:54:03'),(673,5,'/finance/reports','admin','127.0.0.1','Mozilla/5.0 (Macintosh; Intel Mac OS X 10_15_7) AppleWebKit/537.36 (KHTML, like Gecko) Chrome/143.0.0.0 Safari/537.36','http://localhost:3002/','2026-01-09 03:54:18'),(674,5,'/finance/packages','admin','127.0.0.1','Mozilla/5.0 (Macintosh; Intel Mac OS X 10_15_7) AppleWebKit/537.36 (KHTML, like Gecko) Chrome/143.0.0.0 Safari/537.36','http://localhost:3002/','2026-01-09 03:54:19'),(675,5,'/finance/reports','admin','127.0.0.1','Mozilla/5.0 (Macintosh; Intel Mac OS X 10_15_7) AppleWebKit/537.36 (KHTML, like Gecko) Chrome/143.0.0.0 Safari/537.36','http://localhost:3002/','2026-01-09 03:54:23'),(676,5,'/finance/packages','admin','127.0.0.1','Mozilla/5.0 (Macintosh; Intel Mac OS X 10_15_7) AppleWebKit/537.36 (KHTML, like Gecko) Chrome/143.0.0.0 Safari/537.36','http://localhost:3002/','2026-01-09 03:54:24'),(677,5,'/recognition/tasks','admin','127.0.0.1','Mozilla/5.0 (Macintosh; Intel Mac OS X 10_15_7) AppleWebKit/537.36 (KHTML, like Gecko) Chrome/143.0.0.0 Safari/537.36','http://localhost:3002/','2026-01-09 04:02:08'),(678,5,'/recognition/records','admin','127.0.0.1','Mozilla/5.0 (Macintosh; Intel Mac OS X 10_15_7) AppleWebKit/537.36 (KHTML, like Gecko) Chrome/143.0.0.0 Safari/537.36','http://localhost:3002/','2026-01-09 04:02:09'),(679,5,'/recognition/models','admin','127.0.0.1','Mozilla/5.0 (Macintosh; Intel Mac OS X 10_15_7) AppleWebKit/537.36 (KHTML, like Gecko) Chrome/143.0.0.0 Safari/537.36','http://localhost:3002/','2026-01-09 04:02:14'),(680,5,'/finance/packages','admin','127.0.0.1','Mozilla/5.0 (Macintosh; Intel Mac OS X 10_15_7) AppleWebKit/537.36 (KHTML, like Gecko) Chrome/143.0.0.0 Safari/537.36','http://localhost:3002/','2026-01-09 04:02:17'),(681,5,'/content/site','admin','127.0.0.1','Mozilla/5.0 (Macintosh; Intel Mac OS X 10_15_7) AppleWebKit/537.36 (KHTML, like Gecko) Chrome/143.0.0.0 Safari/537.36','http://localhost:3002/','2026-01-09 04:02:21'),(682,5,'/content/docs','admin','127.0.0.1','Mozilla/5.0 (Macintosh; Intel Mac OS X 10_15_7) AppleWebKit/537.36 (KHTML, like Gecko) Chrome/143.0.0.0 Safari/537.36','http://localhost:3002/','2026-01-09 04:02:24'),(683,5,'/content/announcement','admin','127.0.0.1','Mozilla/5.0 (Macintosh; Intel Mac OS X 10_15_7) AppleWebKit/537.36 (KHTML, like Gecko) Chrome/143.0.0.0 Safari/537.36','http://localhost:3002/','2026-01-09 04:02:24'),(684,5,'/content/faq','admin','127.0.0.1','Mozilla/5.0 (Macintosh; Intel Mac OS X 10_15_7) AppleWebKit/537.36 (KHTML, like Gecko) Chrome/143.0.0.0 Safari/537.36','http://localhost:3002/','2026-01-09 04:02:25'),(685,5,'/content/docs','admin','127.0.0.1','Mozilla/5.0 (Macintosh; Intel Mac OS X 10_15_7) AppleWebKit/537.36 (KHTML, like Gecko) Chrome/143.0.0.0 Safari/537.36','http://localhost:3002/','2026-01-09 04:02:29'),(686,5,'/content/announcement','admin','127.0.0.1','Mozilla/5.0 (Macintosh; Intel Mac OS X 10_15_7) AppleWebKit/537.36 (KHTML, like Gecko) Chrome/143.0.0.0 Safari/537.36','http://localhost:3002/','2026-01-09 04:02:30'),(687,5,'/content/announcement','admin','127.0.0.1','Mozilla/5.0 (Macintosh; Intel Mac OS X 10_15_7) AppleWebKit/537.36 (KHTML, like Gecko) Chrome/143.0.0.0 Safari/537.36','http://localhost:3002/','2026-01-09 04:02:31'),(688,5,'/content/docs','admin','127.0.0.1','Mozilla/5.0 (Macintosh; Intel Mac OS X 10_15_7) AppleWebKit/537.36 (KHTML, like Gecko) Chrome/143.0.0.0 Safari/537.36','http://localhost:3002/','2026-01-09 04:02:34'),(689,5,'/permission/role','admin','127.0.0.1','Mozilla/5.0 (Macintosh; Intel Mac OS X 10_15_7) AppleWebKit/537.36 (KHTML, like Gecko) Chrome/143.0.0.0 Safari/537.36','http://localhost:3002/','2026-01-09 04:02:36'),(690,5,'/permission/management','admin','127.0.0.1','Mozilla/5.0 (Macintosh; Intel Mac OS X 10_15_7) AppleWebKit/537.36 (KHTML, like Gecko) Chrome/143.0.0.0 Safari/537.36','http://localhost:3002/','2026-01-09 04:02:37'),(691,5,'/permission/admin','admin','127.0.0.1','Mozilla/5.0 (Macintosh; Intel Mac OS X 10_15_7) AppleWebKit/537.36 (KHTML, like Gecko) Chrome/143.0.0.0 Safari/537.36','http://localhost:3002/','2026-01-09 04:02:38'),(692,5,'/user/list','admin','127.0.0.1','Mozilla/5.0 (Macintosh; Intel Mac OS X 10_15_7) AppleWebKit/537.36 (KHTML, like Gecko) Chrome/143.0.0.0 Safari/537.36','http://localhost:3002/','2026-01-09 04:02:45'),(693,5,'/user/verification','admin','127.0.0.1','Mozilla/5.0 (Macintosh; Intel Mac OS X 10_15_7) AppleWebKit/537.36 (KHTML, like Gecko) Chrome/143.0.0.0 Safari/537.36','http://localhost:3002/','2026-01-09 04:02:46'),(694,5,'/user/verification','admin','127.0.0.1','Mozilla/5.0 (Macintosh; Intel Mac OS X 10_15_7) AppleWebKit/537.36 (KHTML, like Gecko) Chrome/143.0.0.0 Safari/537.36','http://localhost:3002/','2026-01-09 04:02:47'),(695,5,'/user/tags','admin','127.0.0.1','Mozilla/5.0 (Macintosh; Intel Mac OS X 10_15_7) AppleWebKit/537.36 (KHTML, like Gecko) Chrome/143.0.0.0 Safari/537.36','http://localhost:3002/','2026-01-09 04:02:48'),(696,5,'/log/operation','admin','127.0.0.1','Mozilla/5.0 (Macintosh; Intel Mac OS X 10_15_7) AppleWebKit/537.36 (KHTML, like Gecko) Chrome/143.0.0.0 Safari/537.36','http://localhost:3002/','2026-01-09 04:02:52'),(697,5,'/log/system','admin','127.0.0.1','Mozilla/5.0 (Macintosh; Intel Mac OS X 10_15_7) AppleWebKit/537.36 (KHTML, like Gecko) Chrome/143.0.0.0 Safari/537.36','http://localhost:3002/','2026-01-09 04:02:57'),(698,5,'/log/security','admin','127.0.0.1','Mozilla/5.0 (Macintosh; Intel Mac OS X 10_15_7) AppleWebKit/537.36 (KHTML, like Gecko) Chrome/143.0.0.0 Safari/537.36','http://localhost:3002/','2026-01-09 04:02:58'),(699,5,'/setting/base','admin','127.0.0.1','Mozilla/5.0 (Macintosh; Intel Mac OS X 10_15_7) AppleWebKit/537.36 (KHTML, like Gecko) Chrome/143.0.0.0 Safari/537.36','http://localhost:3002/','2026-01-09 04:03:00'),(700,NULL,'/login?redirect=/setting/base','admin','127.0.0.1','Mozilla/5.0 (Macintosh; Intel Mac OS X 10.15; rv:146.0) Gecko/20100101 Firefox/146.0','http://localhost:3002/','2026-01-09 04:04:48'),(701,5,'/api/admin/login','admin','127.0.0.1','Mozilla/5.0 (Macintosh; Intel Mac OS X 10.15; rv:146.0) Gecko/20100101 Firefox/146.0',NULL,'2026-01-09 04:05:18'),(702,5,'/setting/base','admin','127.0.0.1','Mozilla/5.0 (Macintosh; Intel Mac OS X 10.15; rv:146.0) Gecko/20100101 Firefox/146.0','http://localhost:3002/','2026-01-09 04:05:29'),(703,5,'/statistics/recognition','admin','127.0.0.1','Mozilla/5.0 (Macintosh; Intel Mac OS X 10.15; rv:146.0) Gecko/20100101 Firefox/146.0','http://localhost:3002/','2026-01-09 04:05:42'),(704,5,'/finance/packages','admin','127.0.0.1','Mozilla/5.0 (Macintosh; Intel Mac OS X 10.15; rv:146.0) Gecko/20100101 Firefox/146.0','http://localhost:3002/','2026-01-09 04:05:43'),(705,5,'/user/list','admin','127.0.0.1','Mozilla/5.0 (Macintosh; Intel Mac OS X 10_15_7) AppleWebKit/537.36 (KHTML, like Gecko) Chrome/143.0.0.0 Safari/537.36','http://localhost:3002/','2026-01-09 04:06:05'),(706,NULL,'/login?redirect=/user/verification','admin','127.0.0.1','Mozilla/5.0 (Macintosh; Intel Mac OS X 10_15_7) AppleWebKit/537.36 (KHTML, like Gecko) Chrome/143.0.0.0 Safari/537.36','http://localhost:3002/','2026-01-09 04:06:09'),(707,5,'/api/admin/login','admin','127.0.0.1','Mozilla/5.0 (Macintosh; Intel Mac OS X 10_15_7) AppleWebKit/537.36 (KHTML, like Gecko) Chrome/143.0.0.0 Safari/537.36',NULL,'2026-01-09 04:06:17'),(708,5,'/user/verification','admin','127.0.0.1','Mozilla/5.0 (Macintosh; Intel Mac OS X 10_15_7) AppleWebKit/537.36 (KHTML, like Gecko) Chrome/143.0.0.0 Safari/537.36','http://localhost:3002/','2026-01-09 04:06:25'),(709,5,'/user/list','admin','127.0.0.1','Mozilla/5.0 (Macintosh; Intel Mac OS X 10_15_7) AppleWebKit/537.36 (KHTML, like Gecko) Chrome/143.0.0.0 Safari/537.36','http://localhost:3002/','2026-01-09 04:06:27'),(710,5,'/user/tags','admin','127.0.0.1','Mozilla/5.0 (Macintosh; Intel Mac OS X 10_15_7) AppleWebKit/537.36 (KHTML, like Gecko) Chrome/143.0.0.0 Safari/537.36','http://localhost:3002/','2026-01-09 04:06:33'),(711,5,'/user/verification','admin','127.0.0.1','Mozilla/5.0 (Macintosh; Intel Mac OS X 10_15_7) AppleWebKit/537.36 (KHTML, like Gecko) Chrome/143.0.0.0 Safari/537.36','http://localhost:3002/','2026-01-09 04:06:34'),(712,5,'/content/site','admin','127.0.0.1','Mozilla/5.0 (Macintosh; Intel Mac OS X 10_15_7) AppleWebKit/537.36 (KHTML, like Gecko) Chrome/143.0.0.0 Safari/537.36','http://localhost:3002/','2026-01-09 04:06:39'),(713,5,'/content/docs','admin','127.0.0.1','Mozilla/5.0 (Macintosh; Intel Mac OS X 10_15_7) AppleWebKit/537.36 (KHTML, like Gecko) Chrome/143.0.0.0 Safari/537.36','http://localhost:3002/','2026-01-09 04:06:40'),(714,5,'/content/announcement','admin','127.0.0.1','Mozilla/5.0 (Macintosh; Intel Mac OS X 10_15_7) AppleWebKit/537.36 (KHTML, like Gecko) Chrome/143.0.0.0 Safari/537.36','http://localhost:3002/','2026-01-09 04:06:41'),(715,5,'/content/faq','admin','127.0.0.1','Mozilla/5.0 (Macintosh; Intel Mac OS X 10_15_7) AppleWebKit/537.36 (KHTML, like Gecko) Chrome/143.0.0.0 Safari/537.36','http://localhost:3002/','2026-01-09 04:06:41'),(716,5,'/recognition/records','admin','127.0.0.1','Mozilla/5.0 (Macintosh; Intel Mac OS X 10_15_7) AppleWebKit/537.36 (KHTML, like Gecko) Chrome/143.0.0.0 Safari/537.36','http://localhost:3002/','2026-01-09 04:06:42'),(717,5,'/recognition/tasks','admin','127.0.0.1','Mozilla/5.0 (Macintosh; Intel Mac OS X 10_15_7) AppleWebKit/537.36 (KHTML, like Gecko) Chrome/143.0.0.0 Safari/537.36','http://localhost:3002/','2026-01-09 04:06:43'),(718,5,'/recognition/models','admin','127.0.0.1','Mozilla/5.0 (Macintosh; Intel Mac OS X 10_15_7) AppleWebKit/537.36 (KHTML, like Gecko) Chrome/143.0.0.0 Safari/537.36','http://localhost:3002/','2026-01-09 04:06:44'),(719,5,'/content/docs','admin','127.0.0.1','Mozilla/5.0 (Macintosh; Intel Mac OS X 10_15_7) AppleWebKit/537.36 (KHTML, like Gecko) Chrome/143.0.0.0 Safari/537.36','http://localhost:3002/','2026-01-09 04:06:54'),(720,5,'/finance/packages','admin','127.0.0.1','Mozilla/5.0 (Macintosh; Intel Mac OS X 10_15_7) AppleWebKit/537.36 (KHTML, like Gecko) Chrome/143.0.0.0 Safari/537.36','http://localhost:3002/','2026-01-09 04:06:56'),(721,5,'/finance/orders','admin','127.0.0.1','Mozilla/5.0 (Macintosh; Intel Mac OS X 10_15_7) AppleWebKit/537.36 (KHTML, like Gecko) Chrome/143.0.0.0 Safari/537.36','http://localhost:3002/','2026-01-09 04:10:39'),(722,5,'/finance/packages','admin','127.0.0.1','Mozilla/5.0 (Macintosh; Intel Mac OS X 10_15_7) AppleWebKit/537.36 (KHTML, like Gecko) Chrome/143.0.0.0 Safari/537.36','http://localhost:3002/','2026-01-09 04:10:40'),(723,5,'/finance/orders','admin','127.0.0.1','Mozilla/5.0 (Macintosh; Intel Mac OS X 10_15_7) AppleWebKit/537.36 (KHTML, like Gecko) Chrome/143.0.0.0 Safari/537.36','http://localhost:3002/','2026-01-09 04:11:54'),(724,5,'/finance/packages','admin','127.0.0.1','Mozilla/5.0 (Macintosh; Intel Mac OS X 10_15_7) AppleWebKit/537.36 (KHTML, like Gecko) Chrome/143.0.0.0 Safari/537.36','http://localhost:3002/','2026-01-09 04:11:54'),(725,5,'/finance/orders','admin','127.0.0.1','Mozilla/5.0 (Macintosh; Intel Mac OS X 10_15_7) AppleWebKit/537.36 (KHTML, like Gecko) Chrome/143.0.0.0 Safari/537.36','http://localhost:3002/','2026-01-09 04:12:20'),(726,5,'/finance/orders','admin','127.0.0.1','Mozilla/5.0 (Macintosh; Intel Mac OS X 10_15_7) AppleWebKit/537.36 (KHTML, like Gecko) Chrome/143.0.0.0 Safari/537.36','http://localhost:3002/','2026-01-09 04:12:21'),(727,5,'/finance/packages','admin','127.0.0.1','Mozilla/5.0 (Macintosh; Intel Mac OS X 10_15_7) AppleWebKit/537.36 (KHTML, like Gecko) Chrome/143.0.0.0 Safari/537.36','http://localhost:3002/','2026-01-09 04:12:22'),(728,5,'/finance/reports','admin','127.0.0.1','Mozilla/5.0 (Macintosh; Intel Mac OS X 10_15_7) AppleWebKit/537.36 (KHTML, like Gecko) Chrome/143.0.0.0 Safari/537.36','http://localhost:3002/','2026-01-09 04:12:53'),(729,5,'/finance/orders','admin','127.0.0.1','Mozilla/5.0 (Macintosh; Intel Mac OS X 10_15_7) AppleWebKit/537.36 (KHTML, like Gecko) Chrome/143.0.0.0 Safari/537.36','http://localhost:3002/','2026-01-09 04:12:57'),(730,5,'/finance/reports','admin','127.0.0.1','Mozilla/5.0 (Macintosh; Intel Mac OS X 10_15_7) AppleWebKit/537.36 (KHTML, like Gecko) Chrome/143.0.0.0 Safari/537.36','http://localhost:3002/','2026-01-09 04:12:58'),(731,5,'/finance/packages','admin','127.0.0.1','Mozilla/5.0 (Macintosh; Intel Mac OS X 10_15_7) AppleWebKit/537.36 (KHTML, like Gecko) Chrome/143.0.0.0 Safari/537.36','http://localhost:3002/','2026-01-09 04:13:04'),(732,5,'/finance/orders','admin','127.0.0.1','Mozilla/5.0 (Macintosh; Intel Mac OS X 10_15_7) AppleWebKit/537.36 (KHTML, like Gecko) Chrome/143.0.0.0 Safari/537.36','http://localhost:3002/','2026-01-09 04:13:05'),(733,5,'/finance/reports','admin','127.0.0.1','Mozilla/5.0 (Macintosh; Intel Mac OS X 10_15_7) AppleWebKit/537.36 (KHTML, like Gecko) Chrome/143.0.0.0 Safari/537.36','http://localhost:3002/','2026-01-09 04:13:06'),(734,5,'/external/storage','admin','127.0.0.1','Mozilla/5.0 (Macintosh; Intel Mac OS X 10_15_7) AppleWebKit/537.36 (KHTML, like Gecko) Chrome/143.0.0.0 Safari/537.36','http://localhost:3002/','2026-01-09 04:13:11'),(735,5,'/external/payment','admin','127.0.0.1','Mozilla/5.0 (Macintosh; Intel Mac OS X 10_15_7) AppleWebKit/537.36 (KHTML, like Gecko) Chrome/143.0.0.0 Safari/537.36','http://localhost:3002/','2026-01-09 04:13:12'),(736,5,'/external/payment','admin','127.0.0.1','Mozilla/5.0 (Macintosh; Intel Mac OS X 10_15_7) AppleWebKit/537.36 (KHTML, like Gecko) Chrome/143.0.0.0 Safari/537.36','http://localhost:3002/','2026-01-09 04:13:13'),(737,5,'/external/login','admin','127.0.0.1','Mozilla/5.0 (Macintosh; Intel Mac OS X 10_15_7) AppleWebKit/537.36 (KHTML, like Gecko) Chrome/143.0.0.0 Safari/537.36','http://localhost:3002/','2026-01-09 04:13:14'),(738,5,'/external/storage','admin','127.0.0.1','Mozilla/5.0 (Macintosh; Intel Mac OS X 10_15_7) AppleWebKit/537.36 (KHTML, like Gecko) Chrome/143.0.0.0 Safari/537.36','http://localhost:3002/','2026-01-09 04:13:15'),(739,5,'/setting/email-sms','admin','127.0.0.1','Mozilla/5.0 (Macintosh; Intel Mac OS X 10_15_7) AppleWebKit/537.36 (KHTML, like Gecko) Chrome/143.0.0.0 Safari/537.36','http://localhost:3002/','2026-01-09 04:13:25'),(740,5,'/setting/quotas','admin','127.0.0.1','Mozilla/5.0 (Macintosh; Intel Mac OS X 10_15_7) AppleWebKit/537.36 (KHTML, like Gecko) Chrome/143.0.0.0 Safari/537.36','http://localhost:3002/','2026-01-09 04:13:26'),(741,5,'/setting/params','admin','127.0.0.1','Mozilla/5.0 (Macintosh; Intel Mac OS X 10_15_7) AppleWebKit/537.36 (KHTML, like Gecko) Chrome/143.0.0.0 Safari/537.36','http://localhost:3002/','2026-01-09 04:13:26'),(742,5,'/setting/base','admin','127.0.0.1','Mozilla/5.0 (Macintosh; Intel Mac OS X 10_15_7) AppleWebKit/537.36 (KHTML, like Gecko) Chrome/143.0.0.0 Safari/537.36','http://localhost:3002/','2026-01-09 04:13:27'),(743,5,'/setting/base','admin','127.0.0.1','Mozilla/5.0 (Macintosh; Intel Mac OS X 10_15_7) AppleWebKit/537.36 (KHTML, like Gecko) Chrome/143.0.0.0 Safari/537.36','http://localhost:3002/','2026-01-09 04:15:42'),(744,5,'/setting/params','admin','127.0.0.1','Mozilla/5.0 (Macintosh; Intel Mac OS X 10_15_7) AppleWebKit/537.36 (KHTML, like Gecko) Chrome/143.0.0.0 Safari/537.36','http://localhost:3002/','2026-01-09 04:15:43'),(745,5,'/setting/quotas','admin','127.0.0.1','Mozilla/5.0 (Macintosh; Intel Mac OS X 10_15_7) AppleWebKit/537.36 (KHTML, like Gecko) Chrome/143.0.0.0 Safari/537.36','http://localhost:3002/','2026-01-09 04:15:44'),(746,5,'/setting/base','admin','127.0.0.1','Mozilla/5.0 (Macintosh; Intel Mac OS X 10_15_7) AppleWebKit/537.36 (KHTML, like Gecko) Chrome/143.0.0.0 Safari/537.36','http://localhost:3002/','2026-01-09 04:16:06'),(747,5,'/setting/params','admin','127.0.0.1','Mozilla/5.0 (Macintosh; Intel Mac OS X 10_15_7) AppleWebKit/537.36 (KHTML, like Gecko) Chrome/143.0.0.0 Safari/537.36','http://localhost:3002/','2026-01-09 04:16:07'),(748,5,'/setting/quotas','admin','127.0.0.1','Mozilla/5.0 (Macintosh; Intel Mac OS X 10_15_7) AppleWebKit/537.36 (KHTML, like Gecko) Chrome/143.0.0.0 Safari/537.36','http://localhost:3002/','2026-01-09 04:16:07'),(749,5,'/setting/quotas','admin','127.0.0.1','Mozilla/5.0 (Macintosh; Intel Mac OS X 10_15_7) AppleWebKit/537.36 (KHTML, like Gecko) Chrome/143.0.0.0 Safari/537.36','http://localhost:3002/','2026-01-09 04:28:22'),(750,5,'/setting/quotas','admin','127.0.0.1','Mozilla/5.0 (Macintosh; Intel Mac OS X 10_15_7) AppleWebKit/537.36 (KHTML, like Gecko) Chrome/143.0.0.0 Safari/537.36','http://localhost:3002/','2026-01-09 04:30:22'),(751,5,'/setting/base','admin','127.0.0.1','Mozilla/5.0 (Macintosh; Intel Mac OS X 10_15_7) AppleWebKit/537.36 (KHTML, like Gecko) Chrome/143.0.0.0 Safari/537.36','http://localhost:3002/','2026-01-09 04:36:19'),(752,5,'/setting/params','admin','127.0.0.1','Mozilla/5.0 (Macintosh; Intel Mac OS X 10_15_7) AppleWebKit/537.36 (KHTML, like Gecko) Chrome/143.0.0.0 Safari/537.36','http://localhost:3002/','2026-01-09 04:36:20'),(753,5,'/setting/quotas','admin','127.0.0.1','Mozilla/5.0 (Macintosh; Intel Mac OS X 10_15_7) AppleWebKit/537.36 (KHTML, like Gecko) Chrome/143.0.0.0 Safari/537.36','http://localhost:3002/','2026-01-09 04:36:27'),(754,5,'/setting/email-sms','admin','127.0.0.1','Mozilla/5.0 (Macintosh; Intel Mac OS X 10_15_7) AppleWebKit/537.36 (KHTML, like Gecko) Chrome/143.0.0.0 Safari/537.36','http://localhost:3002/','2026-01-09 04:36:29'),(755,5,'/setting/quotas','admin','127.0.0.1','Mozilla/5.0 (Macintosh; Intel Mac OS X 10_15_7) AppleWebKit/537.36 (KHTML, like Gecko) Chrome/143.0.0.0 Safari/537.36','http://localhost:3002/','2026-01-09 04:36:33'),(756,5,'/setting/email-sms','admin','127.0.0.1','Mozilla/5.0 (Macintosh; Intel Mac OS X 10_15_7) AppleWebKit/537.36 (KHTML, like Gecko) Chrome/143.0.0.0 Safari/537.36','http://localhost:3002/','2026-01-09 04:36:34'),(757,5,'/setting/email-sms?tab=base','admin','127.0.0.1','Mozilla/5.0 (Macintosh; Intel Mac OS X 10_15_7) AppleWebKit/537.36 (KHTML, like Gecko) Chrome/143.0.0.0 Safari/537.36','http://localhost:3002/','2026-01-09 04:36:48'),(758,5,'/setting/email-sms?tab=recognition','admin','127.0.0.1','Mozilla/5.0 (Macintosh; Intel Mac OS X 10_15_7) AppleWebKit/537.36 (KHTML, like Gecko) Chrome/143.0.0.0 Safari/537.36','http://localhost:3002/','2026-01-09 04:36:59'),(759,5,'/setting/email-sms?tab=quota','admin','127.0.0.1','Mozilla/5.0 (Macintosh; Intel Mac OS X 10_15_7) AppleWebKit/537.36 (KHTML, like Gecko) Chrome/143.0.0.0 Safari/537.36','http://localhost:3002/','2026-01-09 04:37:00'),(760,5,'/setting/email-sms?tab=notice','admin','127.0.0.1','Mozilla/5.0 (Macintosh; Intel Mac OS X 10_15_7) AppleWebKit/537.36 (KHTML, like Gecko) Chrome/143.0.0.0 Safari/537.36','http://localhost:3002/','2026-01-09 04:37:02'),(761,5,'/setting/email-sms?tab=base','admin','127.0.0.1','Mozilla/5.0 (Macintosh; Intel Mac OS X 10_15_7) AppleWebKit/537.36 (KHTML, like Gecko) Chrome/143.0.0.0 Safari/537.36','http://localhost:3002/','2026-01-09 04:37:03'),(762,5,'/setting/email-sms?tab=notice','admin','127.0.0.1','Mozilla/5.0 (Macintosh; Intel Mac OS X 10_15_7) AppleWebKit/537.36 (KHTML, like Gecko) Chrome/143.0.0.0 Safari/537.36','http://localhost:3002/','2026-01-09 04:37:23'),(763,5,'/setting/quotas','admin','127.0.0.1','Mozilla/5.0 (Macintosh; Intel Mac OS X 10_15_7) AppleWebKit/537.36 (KHTML, like Gecko) Chrome/143.0.0.0 Safari/537.36','http://localhost:3002/','2026-01-09 04:37:51'),(764,5,'/setting/params','admin','127.0.0.1','Mozilla/5.0 (Macintosh; Intel Mac OS X 10_15_7) AppleWebKit/537.36 (KHTML, like Gecko) Chrome/143.0.0.0 Safari/537.36','http://localhost:3002/','2026-01-09 04:37:52'),(765,5,'/setting/base','admin','127.0.0.1','Mozilla/5.0 (Macintosh; Intel Mac OS X 10_15_7) AppleWebKit/537.36 (KHTML, like Gecko) Chrome/143.0.0.0 Safari/537.36','http://localhost:3002/','2026-01-09 04:37:53'),(766,5,'/setting/base?tab=recognition','admin','127.0.0.1','Mozilla/5.0 (Macintosh; Intel Mac OS X 10_15_7) AppleWebKit/537.36 (KHTML, like Gecko) Chrome/143.0.0.0 Safari/537.36','http://localhost:3002/','2026-01-09 04:48:44'),(767,5,'/setting/base?tab=quota','admin','127.0.0.1','Mozilla/5.0 (Macintosh; Intel Mac OS X 10_15_7) AppleWebKit/537.36 (KHTML, like Gecko) Chrome/143.0.0.0 Safari/537.36','http://localhost:3002/','2026-01-09 04:48:45'),(768,5,'/setting/base?tab=notice','admin','127.0.0.1','Mozilla/5.0 (Macintosh; Intel Mac OS X 10_15_7) AppleWebKit/537.36 (KHTML, like Gecko) Chrome/143.0.0.0 Safari/537.36','http://localhost:3002/','2026-01-09 04:48:46'),(769,5,'/setting/email-sms','admin','127.0.0.1','Mozilla/5.0 (Macintosh; Intel Mac OS X 10_15_7) AppleWebKit/537.36 (KHTML, like Gecko) Chrome/143.0.0.0 Safari/537.36','http://localhost:3002/','2026-01-09 04:48:51'),(770,5,'/setting/email-sms','admin','127.0.0.1','Mozilla/5.0 (Macintosh; Intel Mac OS X 10_15_7) AppleWebKit/537.36 (KHTML, like Gecko) Chrome/143.0.0.0 Safari/537.36','http://localhost:3002/','2026-01-09 04:48:52'),(771,5,'/setting/quotas','admin','127.0.0.1','Mozilla/5.0 (Macintosh; Intel Mac OS X 10_15_7) AppleWebKit/537.36 (KHTML, like Gecko) Chrome/143.0.0.0 Safari/537.36','http://localhost:3002/','2026-01-09 04:48:52'),(772,5,'/setting/params','admin','127.0.0.1','Mozilla/5.0 (Macintosh; Intel Mac OS X 10_15_7) AppleWebKit/537.36 (KHTML, like Gecko) Chrome/143.0.0.0 Safari/537.36','http://localhost:3002/','2026-01-09 04:48:53'),(773,5,'/setting/params','admin','127.0.0.1','Mozilla/5.0 (Macintosh; Intel Mac OS X 10_15_7) AppleWebKit/537.36 (KHTML, like Gecko) Chrome/143.0.0.0 Safari/537.36','http://localhost:3002/','2026-01-09 04:48:54'),(774,5,'/setting/base','admin','127.0.0.1','Mozilla/5.0 (Macintosh; Intel Mac OS X 10_15_7) AppleWebKit/537.36 (KHTML, like Gecko) Chrome/143.0.0.0 Safari/537.36','http://localhost:3002/','2026-01-09 04:48:55'),(775,5,'/setting/base','admin','127.0.0.1','Mozilla/5.0 (Macintosh; Intel Mac OS X 10_15_7) AppleWebKit/537.36 (KHTML, like Gecko) Chrome/143.0.0.0 Safari/537.36','http://localhost:3002/','2026-01-09 04:59:34'),(776,5,'/setting/base','admin','127.0.0.1','Mozilla/5.0 (Macintosh; Intel Mac OS X 10_15_7) AppleWebKit/537.36 (KHTML, like Gecko) Chrome/143.0.0.0 Safari/537.36','http://localhost:3002/','2026-01-09 05:00:01'),(777,5,'/setting/base','admin','127.0.0.1','Mozilla/5.0 (Macintosh; Intel Mac OS X 10_15_7) AppleWebKit/537.36 (KHTML, like Gecko) Chrome/143.0.0.0 Safari/537.36','http://localhost:3002/','2026-01-09 05:00:49'),(778,5,'/setting/base','admin','127.0.0.1','Mozilla/5.0 (Macintosh; Intel Mac OS X 10_15_7) AppleWebKit/537.36 (KHTML, like Gecko) Chrome/143.0.0.0 Safari/537.36','http://localhost:3002/','2026-01-09 05:02:39'),(779,5,'/setting/base','admin','127.0.0.1','Mozilla/5.0 (Macintosh; Intel Mac OS X 10_15_7) AppleWebKit/537.36 (KHTML, like Gecko) Chrome/143.0.0.0 Safari/537.36','http://localhost:3002/','2026-01-09 05:02:39'),(780,5,'/setting/base','admin','127.0.0.1','Mozilla/5.0 (Macintosh; Intel Mac OS X 10_15_7) AppleWebKit/537.36 (KHTML, like Gecko) Chrome/143.0.0.0 Safari/537.36','http://localhost:3002/','2026-01-09 05:04:40'),(781,5,'/setting/params','admin','127.0.0.1','Mozilla/5.0 (Macintosh; Intel Mac OS X 10_15_7) AppleWebKit/537.36 (KHTML, like Gecko) Chrome/143.0.0.0 Safari/537.36','http://localhost:3002/','2026-01-09 05:05:37'),(782,5,'/setting/quotas','admin','127.0.0.1','Mozilla/5.0 (Macintosh; Intel Mac OS X 10_15_7) AppleWebKit/537.36 (KHTML, like Gecko) Chrome/143.0.0.0 Safari/537.36','http://localhost:3002/','2026-01-09 05:05:38'),(783,5,'/setting/email-sms','admin','127.0.0.1','Mozilla/5.0 (Macintosh; Intel Mac OS X 10_15_7) AppleWebKit/537.36 (KHTML, like Gecko) Chrome/143.0.0.0 Safari/537.36','http://localhost:3002/','2026-01-09 05:05:40'),(784,5,'/setting/params','admin','127.0.0.1','Mozilla/5.0 (Macintosh; Intel Mac OS X 10_15_7) AppleWebKit/537.36 (KHTML, like Gecko) Chrome/143.0.0.0 Safari/537.36','http://localhost:3002/','2026-01-09 05:05:42'),(785,5,'/setting/base','admin','127.0.0.1','Mozilla/5.0 (Macintosh; Intel Mac OS X 10_15_7) AppleWebKit/537.36 (KHTML, like Gecko) Chrome/143.0.0.0 Safari/537.36','http://localhost:3002/','2026-01-09 05:05:43'),(786,5,'/setting/base','admin','127.0.0.1','Mozilla/5.0 (Macintosh; Intel Mac OS X 10_15_7) AppleWebKit/537.36 (KHTML, like Gecko) Chrome/143.0.0.0 Safari/537.36','http://localhost:3002/','2026-01-09 05:08:50'),(787,5,'/setting/base','admin','127.0.0.1','Mozilla/5.0 (Macintosh; Intel Mac OS X 10_15_7) AppleWebKit/537.36 (KHTML, like Gecko) Chrome/143.0.0.0 Safari/537.36','http://localhost:3002/','2026-01-09 05:08:50'),(788,5,'/setting/base','admin','127.0.0.1','Mozilla/5.0 (Macintosh; Intel Mac OS X 10_15_7) AppleWebKit/537.36 (KHTML, like Gecko) Chrome/143.0.0.0 Safari/537.36','http://localhost:3002/','2026-01-09 05:33:48'),(789,5,'/404','admin','127.0.0.1','Mozilla/5.0 (Macintosh; Intel Mac OS X 10_15_7) AppleWebKit/537.36 (KHTML, like Gecko) Chrome/143.0.0.0 Safari/537.36','http://localhost:3002/','2026-01-09 05:35:44'),(790,5,'/dashboard/overview','admin','127.0.0.1','Mozilla/5.0 (Macintosh; Intel Mac OS X 10_15_7) AppleWebKit/537.36 (KHTML, like Gecko) Chrome/143.0.0.0 Safari/537.36','http://localhost:3002/','2026-01-09 05:35:57'),(791,5,'/404','admin','127.0.0.1','Mozilla/5.0 (Macintosh; Intel Mac OS X 10_15_7) AppleWebKit/537.36 (KHTML, like Gecko) Chrome/143.0.0.0 Safari/537.36','http://localhost:3002/','2026-01-09 05:36:06'),(792,5,'/dashboard/overview','admin','127.0.0.1','Mozilla/5.0 (Macintosh; Intel Mac OS X 10_15_7) AppleWebKit/537.36 (KHTML, like Gecko) Chrome/143.0.0.0 Safari/537.36','http://localhost:3002/','2026-01-09 05:36:08'),(793,5,'/404','admin','127.0.0.1','Mozilla/5.0 (Macintosh; Intel Mac OS X 10_15_7) AppleWebKit/537.36 (KHTML, like Gecko) Chrome/143.0.0.0 Safari/537.36','http://localhost:3002/','2026-01-09 05:36:39'),(794,5,'/dashboard/overview','admin','127.0.0.1','Mozilla/5.0 (Macintosh; Intel Mac OS X 10_15_7) AppleWebKit/537.36 (KHTML, like Gecko) Chrome/143.0.0.0 Safari/537.36','http://localhost:3002/','2026-01-09 05:36:56'),(795,5,'/404','admin','127.0.0.1','Mozilla/5.0 (Macintosh; Intel Mac OS X 10_15_7) AppleWebKit/537.36 (KHTML, like Gecko) Chrome/143.0.0.0 Safari/537.36','http://localhost:3002/','2026-01-09 05:37:05'),(796,5,'/dashboard/overview','admin','127.0.0.1','Mozilla/5.0 (Macintosh; Intel Mac OS X 10_15_7) AppleWebKit/537.36 (KHTML, like Gecko) Chrome/143.0.0.0 Safari/537.36','http://localhost:3002/','2026-01-09 05:37:09'),(797,5,'/404','admin','127.0.0.1','Mozilla/5.0 (Macintosh; Intel Mac OS X 10_15_7) AppleWebKit/537.36 (KHTML, like Gecko) Chrome/143.0.0.0 Safari/537.36','http://localhost:3002/','2026-01-09 05:48:52'),(798,NULL,'/','website','127.0.0.1','Mozilla/5.0 (Macintosh; Intel Mac OS X 10_15_7) AppleWebKit/537.36 (KHTML, like Gecko) Chrome/143.0.0.0 Safari/537.36','http://localhost:3000/','2026-01-09 05:51:01'),(799,5,'/dashboard/overview','admin','127.0.0.1','Mozilla/5.0 (Macintosh; Intel Mac OS X 10_15_7) AppleWebKit/537.36 (KHTML, like Gecko) Chrome/143.0.0.0 Safari/537.36','http://localhost:3002/','2026-01-09 05:51:57'),(800,5,'/user/list?keywords=%E7%AE%A1&autoSearch=true','admin','127.0.0.1','Mozilla/5.0 (Macintosh; Intel Mac OS X 10_15_7) AppleWebKit/537.36 (KHTML, like Gecko) Chrome/143.0.0.0 Safari/537.36','http://localhost:3002/','2026-01-09 05:52:02'),(801,5,'/setting/base?keywords=%E9%A1%B5&autoSearch=true','admin','127.0.0.1','Mozilla/5.0 (Macintosh; Intel Mac OS X 10_15_7) AppleWebKit/537.36 (KHTML, like Gecko) Chrome/143.0.0.0 Safari/537.36','http://localhost:3002/','2026-01-09 05:52:18'),(802,5,'/user/list?keywords=%E6%89%8B&autoSearch=true','admin','127.0.0.1','Mozilla/5.0 (Macintosh; Intel Mac OS X 10_15_7) AppleWebKit/537.36 (KHTML, like Gecko) Chrome/143.0.0.0 Safari/537.36','http://localhost:3002/','2026-01-09 05:59:07'),(803,5,'/user/tags','admin','127.0.0.1','Mozilla/5.0 (Macintosh; Intel Mac OS X 10_15_7) AppleWebKit/537.36 (KHTML, like Gecko) Chrome/143.0.0.0 Safari/537.36','http://localhost:3002/','2026-01-09 12:58:11'),(804,5,'/user/tags','admin','127.0.0.1','Mozilla/5.0 (Macintosh; Intel Mac OS X 10_15_7) AppleWebKit/537.36 (KHTML, like Gecko) Chrome/143.0.0.0 Safari/537.36','http://localhost:3002/','2026-01-09 13:00:23'),(805,5,'/user/verification','admin','127.0.0.1','Mozilla/5.0 (Macintosh; Intel Mac OS X 10_15_7) AppleWebKit/537.36 (KHTML, like Gecko) Chrome/143.0.0.0 Safari/537.36','http://localhost:3002/','2026-01-09 13:00:27'),(806,5,'/user/list?keywords=%E5%BC%A0%E4%B8%89&autoSearch=true','admin','127.0.0.1','Mozilla/5.0 (Macintosh; Intel Mac OS X 10_15_7) AppleWebKit/537.36 (KHTML, like Gecko) Chrome/143.0.0.0 Safari/537.36','http://localhost:3002/','2026-01-09 13:00:34'),(807,5,'/backup/recover?keywords=%E8%B7%B3%E8%BD%AC%E5%88%B0&autoSearch=true','admin','127.0.0.1','Mozilla/5.0 (Macintosh; Intel Mac OS X 10_15_7) AppleWebKit/537.36 (KHTML, like Gecko) Chrome/143.0.0.0 Safari/537.36','http://localhost:3002/','2026-01-09 13:04:00'),(808,5,'/user/list','admin','127.0.0.1','Mozilla/5.0 (Macintosh; Intel Mac OS X 10_15_7) AppleWebKit/537.36 (KHTML, like Gecko) Chrome/143.0.0.0 Safari/537.36','http://localhost:3002/','2026-01-09 13:04:05'),(809,5,'/setting/base','admin','127.0.0.1','Mozilla/5.0 (Macintosh; Intel Mac OS X 10_15_7) AppleWebKit/537.36 (KHTML, like Gecko) Chrome/143.0.0.0 Safari/537.36','http://localhost:3002/','2026-01-09 13:24:48'),(810,5,'/backup/recover','admin','127.0.0.1','Mozilla/5.0 (Macintosh; Intel Mac OS X 10_15_7) AppleWebKit/537.36 (KHTML, like Gecko) Chrome/143.0.0.0 Safari/537.36','http://localhost:3002/','2026-01-09 13:35:31'),(811,5,'/backup/data','admin','127.0.0.1','Mozilla/5.0 (Macintosh; Intel Mac OS X 10_15_7) AppleWebKit/537.36 (KHTML, like Gecko) Chrome/143.0.0.0 Safari/537.36','http://localhost:3002/','2026-01-09 13:35:32'),(812,5,'/backup/data','admin','127.0.0.1','Mozilla/5.0 (Macintosh; Intel Mac OS X 10_15_7) AppleWebKit/537.36 (KHTML, like Gecko) Chrome/143.0.0.0 Safari/537.36','http://localhost:3002/','2026-01-09 13:58:11'),(813,5,'/backup/recover','admin','127.0.0.1','Mozilla/5.0 (Macintosh; Intel Mac OS X 10_15_7) AppleWebKit/537.36 (KHTML, like Gecko) Chrome/143.0.0.0 Safari/537.36','http://localhost:3002/','2026-01-09 14:01:01'),(814,5,'/backup/data','admin','127.0.0.1','Mozilla/5.0 (Macintosh; Intel Mac OS X 10_15_7) AppleWebKit/537.36 (KHTML, like Gecko) Chrome/143.0.0.0 Safari/537.36','http://localhost:3002/','2026-01-09 14:01:01'),(815,5,'/backup/data','admin','127.0.0.1','Mozilla/5.0 (Macintosh; Intel Mac OS X 10_15_7) AppleWebKit/537.36 (KHTML, like Gecko) Chrome/143.0.0.0 Safari/537.36','http://localhost:3002/','2026-01-09 14:04:55'),(816,5,'/backup/recover','admin','127.0.0.1','Mozilla/5.0 (Macintosh; Intel Mac OS X 10_15_7) AppleWebKit/537.36 (KHTML, like Gecko) Chrome/143.0.0.0 Safari/537.36','http://localhost:3002/','2026-01-09 14:04:56'),(817,5,'/backup/data','admin','127.0.0.1','Mozilla/5.0 (Macintosh; Intel Mac OS X 10_15_7) AppleWebKit/537.36 (KHTML, like Gecko) Chrome/143.0.0.0 Safari/537.36','http://localhost:3002/','2026-01-09 14:04:57'),(818,5,'/backup/data','admin','127.0.0.1','Mozilla/5.0 (Macintosh; Intel Mac OS X 10_15_7) AppleWebKit/537.36 (KHTML, like Gecko) Chrome/143.0.0.0 Safari/537.36','http://localhost:3002/','2026-01-09 14:09:33'),(819,5,'/backup/recover','admin','127.0.0.1','Mozilla/5.0 (Macintosh; Intel Mac OS X 10_15_7) AppleWebKit/537.36 (KHTML, like Gecko) Chrome/143.0.0.0 Safari/537.36','http://localhost:3002/','2026-01-09 14:09:35'),(820,5,'/backup/recover','admin','127.0.0.1','Mozilla/5.0 (Macintosh; Intel Mac OS X 10_15_7) AppleWebKit/537.36 (KHTML, like Gecko) Chrome/143.0.0.0 Safari/537.36','http://localhost:3002/','2026-01-09 14:12:43'),(821,5,'/backup/data','admin','127.0.0.1','Mozilla/5.0 (Macintosh; Intel Mac OS X 10_15_7) AppleWebKit/537.36 (KHTML, like Gecko) Chrome/143.0.0.0 Safari/537.36','http://localhost:3002/','2026-01-09 14:12:44'),(822,5,'/backup/data','admin','127.0.0.1','Mozilla/5.0 (Macintosh; Intel Mac OS X 10_15_7) AppleWebKit/537.36 (KHTML, like Gecko) Chrome/143.0.0.0 Safari/537.36','http://localhost:3002/','2026-01-09 14:13:13'),(823,5,'/backup/data','admin','127.0.0.1','Mozilla/5.0 (Macintosh; Intel Mac OS X 10_15_7) AppleWebKit/537.36 (KHTML, like Gecko) Chrome/143.0.0.0 Safari/537.36','http://localhost:3002/','2026-01-09 14:16:50'),(824,5,'/backup/recover','admin','127.0.0.1','Mozilla/5.0 (Macintosh; Intel Mac OS X 10_15_7) AppleWebKit/537.36 (KHTML, like Gecko) Chrome/143.0.0.0 Safari/537.36','http://localhost:3002/','2026-01-09 14:16:51'),(825,5,'/backup/recover','admin','127.0.0.1','Mozilla/5.0 (Macintosh; Intel Mac OS X 10_15_7) AppleWebKit/537.36 (KHTML, like Gecko) Chrome/143.0.0.0 Safari/537.36','http://localhost:3002/','2026-01-09 14:16:51'),(826,5,'/backup/data','admin','127.0.0.1','Mozilla/5.0 (Macintosh; Intel Mac OS X 10_15_7) AppleWebKit/537.36 (KHTML, like Gecko) Chrome/143.0.0.0 Safari/537.36','http://localhost:3002/','2026-01-09 14:16:53'),(827,5,'/backup/recover','admin','127.0.0.1','Mozilla/5.0 (Macintosh; Intel Mac OS X 10_15_7) AppleWebKit/537.36 (KHTML, like Gecko) Chrome/143.0.0.0 Safari/537.36','http://localhost:3002/','2026-01-09 14:16:53'),(828,5,'/backup/data','admin','127.0.0.1','Mozilla/5.0 (Macintosh; Intel Mac OS X 10_15_7) AppleWebKit/537.36 (KHTML, like Gecko) Chrome/143.0.0.0 Safari/537.36','http://localhost:3002/','2026-01-09 14:20:17'),(829,5,'/backup/data','admin','127.0.0.1','Mozilla/5.0 (Macintosh; Intel Mac OS X 10_15_7) AppleWebKit/537.36 (KHTML, like Gecko) Chrome/143.0.0.0 Safari/537.36','http://localhost:3002/','2026-01-09 14:24:07'),(830,5,'/backup/recover','admin','127.0.0.1','Mozilla/5.0 (Macintosh; Intel Mac OS X 10_15_7) AppleWebKit/537.36 (KHTML, like Gecko) Chrome/143.0.0.0 Safari/537.36','http://localhost:3002/','2026-01-09 14:24:08'),(831,5,'/backup/data','admin','127.0.0.1','Mozilla/5.0 (Macintosh; Intel Mac OS X 10_15_7) AppleWebKit/537.36 (KHTML, like Gecko) Chrome/143.0.0.0 Safari/537.36','http://localhost:3002/','2026-01-09 14:24:09'),(832,5,'/backup/recover','admin','127.0.0.1','Mozilla/5.0 (Macintosh; Intel Mac OS X 10_15_7) AppleWebKit/537.36 (KHTML, like Gecko) Chrome/143.0.0.0 Safari/537.36','http://localhost:3002/','2026-01-09 14:24:37'),(833,5,'/backup/data','admin','127.0.0.1','Mozilla/5.0 (Macintosh; Intel Mac OS X 10_15_7) AppleWebKit/537.36 (KHTML, like Gecko) Chrome/143.0.0.0 Safari/537.36','http://localhost:3002/','2026-01-09 14:24:38'),(834,5,'/backup/recover','admin','127.0.0.1','Mozilla/5.0 (Macintosh; Intel Mac OS X 10_15_7) AppleWebKit/537.36 (KHTML, like Gecko) Chrome/143.0.0.0 Safari/537.36','http://localhost:3002/','2026-01-09 14:24:41'),(835,5,'/backup/data','admin','127.0.0.1','Mozilla/5.0 (Macintosh; Intel Mac OS X 10_15_7) AppleWebKit/537.36 (KHTML, like Gecko) Chrome/143.0.0.0 Safari/537.36','http://localhost:3002/','2026-01-09 14:24:52'),(836,5,'/backup/recover','admin','127.0.0.1','Mozilla/5.0 (Macintosh; Intel Mac OS X 10_15_7) AppleWebKit/537.36 (KHTML, like Gecko) Chrome/143.0.0.0 Safari/537.36','http://localhost:3002/','2026-01-09 14:24:52'),(837,5,'/backup/data','admin','127.0.0.1','Mozilla/5.0 (Macintosh; Intel Mac OS X 10_15_7) AppleWebKit/537.36 (KHTML, like Gecko) Chrome/143.0.0.0 Safari/537.36','http://localhost:3002/','2026-01-09 14:25:56'),(838,5,'/backup/recover','admin','127.0.0.1','Mozilla/5.0 (Macintosh; Intel Mac OS X 10_15_7) AppleWebKit/537.36 (KHTML, like Gecko) Chrome/143.0.0.0 Safari/537.36','http://localhost:3002/','2026-01-09 14:25:57'),(839,5,'/backup/data','admin','127.0.0.1','Mozilla/5.0 (Macintosh; Intel Mac OS X 10_15_7) AppleWebKit/537.36 (KHTML, like Gecko) Chrome/143.0.0.0 Safari/537.36','http://localhost:3002/','2026-01-09 14:27:28');
/*!40000 ALTER TABLE `page_view_logs` ENABLE KEYS */;
UNLOCK TABLES;

--
-- Table structure for table `password_reset_tokens`
--

DROP TABLE IF EXISTS `password_reset_tokens`;
/*!40101 SET @saved_cs_client     = @@character_set_client */;
/*!50503 SET character_set_client = utf8mb4 */;
CREATE TABLE `password_reset_tokens` (
  `id` bigint NOT NULL AUTO_INCREMENT,
  `user_id` bigint NOT NULL,
  `token` varchar(255) NOT NULL,
  `expires_at` datetime NOT NULL,
  `used` tinyint(1) NOT NULL DEFAULT '0',
  `created_at` datetime NOT NULL DEFAULT CURRENT_TIMESTAMP,
  PRIMARY KEY (`id`),
  UNIQUE KEY `token` (`token`),
  KEY `user_id` (`user_id`),
  KEY `idx_token` (`token`),
  CONSTRAINT `password_reset_tokens_ibfk_1` FOREIGN KEY (`user_id`) REFERENCES `users` (`id`) ON DELETE CASCADE
) ENGINE=InnoDB AUTO_INCREMENT=3 DEFAULT CHARSET=utf8mb4 COLLATE=utf8mb4_0900_ai_ci COMMENT='密码重置令牌';
/*!40101 SET character_set_client = @saved_cs_client */;

--
-- Dumping data for table `password_reset_tokens`
--

LOCK TABLES `password_reset_tokens` WRITE;
/*!40000 ALTER TABLE `password_reset_tokens` DISABLE KEYS */;
INSERT INTO `password_reset_tokens` VALUES (1,1,'reset_token_1736064000_001','2026-01-06 09:00:00',0,'2026-01-05 23:51:43'),(2,2,'reset_token_1736064000_002','2026-01-06 10:00:00',1,'2026-01-05 23:51:43');
/*!40000 ALTER TABLE `password_reset_tokens` ENABLE KEYS */;
UNLOCK TABLES;

--
-- Table structure for table `payments`
--

DROP TABLE IF EXISTS `payments`;
/*!40101 SET @saved_cs_client     = @@character_set_client */;
/*!50503 SET character_set_client = utf8mb4 */;
CREATE TABLE `payments` (
  `id` bigint NOT NULL AUTO_INCREMENT,
  `order_id` bigint NOT NULL,
  `transaction_id` varchar(128) DEFAULT NULL COMMENT '第三方交易号',
  `amount` decimal(10,2) NOT NULL,
  `status` enum('success','failed','pending') NOT NULL,
  `payload` json DEFAULT NULL COMMENT '回调原始数据',
  `created_at` datetime NOT NULL DEFAULT CURRENT_TIMESTAMP,
  PRIMARY KEY (`id`),
  KEY `order_id` (`order_id`),
  CONSTRAINT `payments_ibfk_1` FOREIGN KEY (`order_id`) REFERENCES `orders` (`id`) ON DELETE CASCADE
) ENGINE=InnoDB AUTO_INCREMENT=4 DEFAULT CHARSET=utf8mb4 COLLATE=utf8mb4_0900_ai_ci COMMENT='支付记录';
/*!40101 SET character_set_client = @saved_cs_client */;

--
-- Dumping data for table `payments`
--

LOCK TABLES `payments` WRITE;
/*!40000 ALTER TABLE `payments` DISABLE KEYS */;
/*!40000 ALTER TABLE `payments` ENABLE KEYS */;
UNLOCK TABLES;

--
-- Table structure for table `permissions`
--

DROP TABLE IF EXISTS `permissions`;
/*!40101 SET @saved_cs_client     = @@character_set_client */;
/*!50503 SET character_set_client = utf8mb4 */;
CREATE TABLE `permissions` (
  `id` bigint NOT NULL AUTO_INCREMENT,
  `code` varchar(100) NOT NULL COMMENT '权限标识，如 user:ban',
  `name` varchar(100) NOT NULL,
  `category` varchar(50) DEFAULT NULL COMMENT '分类分组',
  `created_at` datetime NOT NULL DEFAULT CURRENT_TIMESTAMP,
  `description` varchar(255) DEFAULT NULL COMMENT '描述',
  `type` varchar(20) DEFAULT 'menu' COMMENT '类型: menu/button/api',
  `parent_id` bigint DEFAULT NULL COMMENT '父权限ID',
  `path` varchar(255) DEFAULT NULL COMMENT '前端路由路径',
  `component` varchar(255) DEFAULT NULL COMMENT '前端组件路径',
  `icon` varchar(50) DEFAULT NULL COMMENT '图标',
  `sort_order` int DEFAULT '0' COMMENT '排序',
  `updated_at` datetime DEFAULT CURRENT_TIMESTAMP ON UPDATE CURRENT_TIMESTAMP,
  PRIMARY KEY (`id`),
  UNIQUE KEY `code` (`code`)
) ENGINE=InnoDB AUTO_INCREMENT=31 DEFAULT CHARSET=utf8mb4 COLLATE=utf8mb4_0900_ai_ci COMMENT='权限项';
/*!40101 SET character_set_client = @saved_cs_client */;

--
-- Dumping data for table `permissions`
--

LOCK TABLES `permissions` WRITE;
/*!40000 ALTER TABLE `permissions` DISABLE KEYS */;
INSERT INTO `permissions` VALUES (1,'*','全部权限','system','2026-01-05 23:50:11',NULL,'menu',NULL,NULL,NULL,NULL,0,'2026-01-08 04:21:54'),(2,'user:view','查看用户','user','2026-01-05 23:50:11','','menu',NULL,NULL,NULL,NULL,0,'2026-01-08 04:33:52'),(3,'user:ban','禁用用户','user','2026-01-05 23:50:11',NULL,'menu',NULL,NULL,NULL,NULL,0,'2026-01-08 04:21:54'),(4,'order:view','查看订单','finance','2026-01-05 23:50:11',NULL,'menu',NULL,NULL,NULL,NULL,0,'2026-01-08 04:21:54'),(5,'order:refund','订单退款','finance','2026-01-05 23:50:11',NULL,'menu',NULL,NULL,NULL,NULL,0,'2026-01-08 04:21:54'),(6,'content:manage','管理官网内容','ops','2026-01-05 23:50:11',NULL,'menu',NULL,NULL,NULL,NULL,0,'2026-01-08 04:21:54'),(7,'notice:manage','管理公告/FAQ','ops','2026-01-05 23:50:11',NULL,'menu',NULL,NULL,NULL,NULL,0,'2026-01-08 04:21:54'),(8,'activity:manage','管理促销活动','ops','2026-01-05 23:50:11',NULL,'menu',NULL,NULL,NULL,NULL,0,'2026-01-08 04:21:54'),(9,'user:stat:view','查看用户统计','ops','2026-01-05 23:50:11',NULL,'menu',NULL,NULL,NULL,NULL,0,'2026-01-08 04:21:54'),(10,'ai:task:monitor','监控识别任务','ai','2026-01-05 23:50:11',NULL,'menu',NULL,NULL,NULL,NULL,0,'2026-01-08 04:21:54'),(11,'ai:record:manage','管理识别记录','ai','2026-01-05 23:50:11',NULL,'menu',NULL,NULL,NULL,NULL,0,'2026-01-08 04:34:09'),(12,'ai:model:manage','管理识别模型','ai','2026-01-05 23:50:11',NULL,'menu',NULL,NULL,NULL,NULL,0,'2026-01-08 04:21:54'),(13,'ai:stat:view','查看识别统计','ai','2026-01-05 23:50:11',NULL,'menu',NULL,NULL,NULL,NULL,0,'2026-01-08 04:21:54'),(14,'system:log:view','查看系统日志','security','2026-01-05 23:50:11',NULL,'menu',NULL,NULL,NULL,NULL,0,'2026-01-08 04:21:54'),(15,'system:ip:manage','管理IP黑白名单','security','2026-01-05 23:50:11',NULL,'menu',NULL,NULL,NULL,NULL,0,'2026-01-08 04:21:54'),(16,'system:backup:manage','管理数据备份恢复','security','2026-01-05 23:50:11',NULL,'menu',NULL,NULL,NULL,NULL,0,'2026-01-08 04:21:54'),(17,'system:monitor:view','查看系统性能监控','security','2026-01-05 23:50:11',NULL,'menu',NULL,NULL,NULL,NULL,0,'2026-01-08 04:21:54'),(19,'system','系统管理',NULL,'2026-01-09 03:38:30',NULL,'menu',NULL,'/system','Layout','setting',1,'2026-01-09 03:38:30'),(20,'system:admin:list','管理员管理',NULL,'2026-01-09 03:38:30',NULL,'menu',19,'admin-users','system/admin-user/index','user-filled',10,'2026-01-09 03:38:30'),(21,'content','内容管理',NULL,'2026-01-09 03:38:30',NULL,'menu',NULL,'/content','Layout','document',2,'2026-01-09 03:38:30'),(22,'content:announcement:list','公告管理',NULL,'2026-01-09 03:38:30',NULL,'menu',21,'announcements','content/AnnouncementMgmt','bell',1,'2026-01-09 03:38:30'),(23,'content:document:list','文档管理',NULL,'2026-01-09 03:38:30',NULL,'menu',21,'documents','content/DocumentMgmt','reading',2,'2026-01-09 03:38:30'),(24,'content:faq:list','FAQ管理',NULL,'2026-01-09 03:38:30',NULL,'menu',21,'faqs','content/FaqMgmt','question-filled',3,'2026-01-09 03:38:30'),(25,'content:carousel:list','轮播图管理',NULL,'2026-01-09 03:52:50',NULL,'menu',21,'carousels','content/CarouselMgmt','picture',2,'2026-01-09 03:52:50'),(26,'setting','系统配置',NULL,'2026-01-09 04:33:14',NULL,'menu',NULL,'/setting','Layout','setting',8,'2026-01-09 04:33:14'),(27,'setting:base','基础配置',NULL,'2026-01-09 04:33:14',NULL,'menu',26,'base','config/SystemConfig','setting',1,'2026-01-09 04:33:14'),(28,'setting:params','识别参数',NULL,'2026-01-09 04:33:14',NULL,'menu',26,'params','config/SystemConfig','operation',2,'2026-01-09 04:33:14'),(29,'setting:quota','限额配置',NULL,'2026-01-09 04:33:14',NULL,'menu',26,'quotas','config/SystemConfig','histogram',3,'2026-01-09 04:33:14'),(30,'setting:notice','邮件 & 短信',NULL,'2026-01-09 04:33:14',NULL,'menu',26,'email-sms','config/SystemConfig','postcard',4,'2026-01-09 04:33:14');
/*!40000 ALTER TABLE `permissions` ENABLE KEYS */;
UNLOCK TABLES;

--
-- Table structure for table `promotions`
--

DROP TABLE IF EXISTS `promotions`;
/*!40101 SET @saved_cs_client     = @@character_set_client */;
/*!50503 SET character_set_client = utf8mb4 */;
CREATE TABLE `promotions` (
  `id` bigint NOT NULL AUTO_INCREMENT,
  `name` varchar(100) CHARACTER SET utf8mb4 COLLATE utf8mb4_unicode_ci NOT NULL COMMENT '活动名称',
  `package_id` bigint NOT NULL,
  `discount_rate` decimal(5,2) NOT NULL COMMENT '折扣率',
  `start_time` datetime NOT NULL,
  `end_time` datetime NOT NULL,
  `is_active` tinyint(1) DEFAULT NULL,
  `created_at` datetime DEFAULT CURRENT_TIMESTAMP,
  PRIMARY KEY (`id`),
  KEY `package_id` (`package_id`),
  KEY `ix_promotions_id` (`id`),
  CONSTRAINT `promotions_ibfk_1` FOREIGN KEY (`package_id`) REFERENCES `packages` (`id`)
) ENGINE=InnoDB DEFAULT CHARSET=utf8mb4 COLLATE=utf8mb4_unicode_ci;
/*!40101 SET character_set_client = @saved_cs_client */;

--
-- Dumping data for table `promotions`
--

LOCK TABLES `promotions` WRITE;
/*!40000 ALTER TABLE `promotions` DISABLE KEYS */;
/*!40000 ALTER TABLE `promotions` ENABLE KEYS */;
UNLOCK TABLES;

--
-- Table structure for table `real_name_verifications`
--

DROP TABLE IF EXISTS `real_name_verifications`;
/*!40101 SET @saved_cs_client     = @@character_set_client */;
/*!50503 SET character_set_client = utf8mb4 */;
CREATE TABLE `real_name_verifications` (
  `id` bigint NOT NULL AUTO_INCREMENT,
  `user_id` bigint NOT NULL,
  `id_card_front` varchar(255) NOT NULL COMMENT '身份证正面OSS路径',
  `id_card_back` varchar(255) NOT NULL COMMENT '身份证反面OSS路径',
  `face_photo` varchar(255) DEFAULT NULL COMMENT '人脸活体照片',
  `status` enum('pending','approved','rejected') NOT NULL DEFAULT 'pending',
  `reject_reason` text,
  `reviewed_by` bigint DEFAULT NULL COMMENT '审核管理员ID',
  `reviewed_at` datetime DEFAULT NULL,
  `created_at` datetime NOT NULL DEFAULT CURRENT_TIMESTAMP,
  PRIMARY KEY (`id`),
  UNIQUE KEY `user_id` (`user_id`),
  KEY `reviewed_by` (`reviewed_by`),
  CONSTRAINT `real_name_verifications_ibfk_1` FOREIGN KEY (`user_id`) REFERENCES `users` (`id`) ON DELETE CASCADE,
  CONSTRAINT `real_name_verifications_ibfk_2` FOREIGN KEY (`reviewed_by`) REFERENCES `users` (`id`) ON DELETE SET NULL
) ENGINE=InnoDB AUTO_INCREMENT=5 DEFAULT CHARSET=utf8mb4 COLLATE=utf8mb4_0900_ai_ci COMMENT='实名认证信息';
/*!40101 SET character_set_client = @saved_cs_client */;

--
-- Dumping data for table `real_name_verifications`
--

LOCK TABLES `real_name_verifications` WRITE;
/*!40000 ALTER TABLE `real_name_verifications` DISABLE KEYS */;
INSERT INTO `real_name_verifications` VALUES (1,1,'https://oss.example.com/idcard/front/1.jpg','https://oss.example.com/idcard/back/1.jpg','https://oss.example.com/face/1.jpg','approved',NULL,5,'2026-01-02 10:00:00','2026-01-05 23:50:11'),(2,2,'https://oss.example.com/idcard/front/2.jpg','https://oss.example.com/idcard/back/2.jpg','https://oss.example.com/face/2.jpg','approved',NULL,5,'2026-01-02 10:30:00','2026-01-05 23:50:11'),(4,7,'http://lucky-yyf.oss-cn-beijing.aliyuncs.com/lpr%2Fupload%2Fb4671f2c-31ba-4adc-a77c-bf3ddbf95e48.png','http://lucky-yyf.oss-cn-beijing.aliyuncs.com/lpr%2Fupload%2F7054ae6d-0d19-4997-b8e4-33c5ccb1270d.png',NULL,'approved',NULL,5,'2026-01-08 17:43:12','2026-01-07 02:33:59');
/*!40000 ALTER TABLE `real_name_verifications` ENABLE KEYS */;
UNLOCK TABLES;

--
-- Table structure for table `recognition_models`
--

DROP TABLE IF EXISTS `recognition_models`;
/*!40101 SET @saved_cs_client     = @@character_set_client */;
/*!50503 SET character_set_client = utf8mb4 */;
CREATE TABLE `recognition_models` (
  `id` bigint NOT NULL AUTO_INCREMENT,
  `version` varchar(20) NOT NULL,
  `name` varchar(100) NOT NULL,
  `is_active` tinyint(1) NOT NULL DEFAULT '0' COMMENT '当前线上模型',
  `accuracy` decimal(5,2) DEFAULT NULL,
  `description` text,
  `file_path` varchar(255) DEFAULT NULL COMMENT '模型权重路径',
  `created_at` datetime NOT NULL DEFAULT CURRENT_TIMESTAMP,
  PRIMARY KEY (`id`),
  UNIQUE KEY `version` (`version`)
) ENGINE=InnoDB AUTO_INCREMENT=4 DEFAULT CHARSET=utf8mb4 COLLATE=utf8mb4_0900_ai_ci COMMENT='模型版本';
/*!40101 SET character_set_client = @saved_cs_client */;

--
-- Dumping data for table `recognition_models`
--

LOCK TABLES `recognition_models` WRITE;
/*!40000 ALTER TABLE `recognition_models` DISABLE KEYS */;
INSERT INTO `recognition_models` VALUES (1,'v2.0.0','基础版车牌识别模型',0,98.50,'基础版模型，支持蓝黄白绿牌','/models/lpr_v2.0.0.pth','2026-01-05 23:50:11'),(2,'v2.1.0','增强版车牌识别模型',1,99.20,'增强版模型，支持更多车牌类型和低质量图片','/models/lpr_v2.1.0.pth','2026-01-05 23:50:11'),(3,'v2.2.0-beta','测试版模型',0,99.50,'测试版，优化了新能源车牌识别','/models/lpr_v2.2.0-beta.pth','2026-01-05 23:50:11');
/*!40000 ALTER TABLE `recognition_models` ENABLE KEYS */;
UNLOCK TABLES;

--
-- Table structure for table `recognition_presets`
--

DROP TABLE IF EXISTS `recognition_presets`;
/*!40101 SET @saved_cs_client     = @@character_set_client */;
/*!50503 SET character_set_client = utf8mb4 */;
CREATE TABLE `recognition_presets` (
  `id` bigint NOT NULL AUTO_INCREMENT,
  `user_id` bigint NOT NULL,
  `name` varchar(100) NOT NULL,
  `algorithm` varchar(50) NOT NULL,
  `parameters` json NOT NULL,
  `is_default` tinyint(1) DEFAULT '0',
  `created_at` datetime NOT NULL DEFAULT CURRENT_TIMESTAMP,
  PRIMARY KEY (`id`),
  KEY `user_id` (`user_id`),
  CONSTRAINT `recognition_presets_ibfk_1` FOREIGN KEY (`user_id`) REFERENCES `users` (`id`) ON DELETE CASCADE
) ENGINE=InnoDB AUTO_INCREMENT=3 DEFAULT CHARSET=utf8mb4 COLLATE=utf8mb4_0900_ai_ci COMMENT='增强预设';
/*!40101 SET character_set_client = @saved_cs_client */;

--
-- Dumping data for table `recognition_presets`
--

LOCK TABLES `recognition_presets` WRITE;
/*!40000 ALTER TABLE `recognition_presets` DISABLE KEYS */;
INSERT INTO `recognition_presets` VALUES (1,2,'我的默认增强','clahe','{\"grid_size\": [8, 8], \"clip_limit\": 2.0}',1,'2026-01-05 23:50:11'),(2,3,'企业专用增强','unsharp','{\"amount\": 1.5, \"radius\": 1.0, \"threshold\": 0}',1,'2026-01-05 23:50:11');
/*!40000 ALTER TABLE `recognition_presets` ENABLE KEYS */;
UNLOCK TABLES;

--
-- Table structure for table `recognition_results`
--

DROP TABLE IF EXISTS `recognition_results`;
/*!40101 SET @saved_cs_client     = @@character_set_client */;
/*!50503 SET character_set_client = utf8mb4 */;
CREATE TABLE `recognition_results` (
  `id` bigint NOT NULL AUTO_INCREMENT,
  `task_id` bigint DEFAULT NULL COMMENT '关联任务ID（批量/视频）',
  `user_id` bigint NOT NULL,
  `original_image_url` varchar(255) NOT NULL,
  `enhanced_image_url` varchar(255) DEFAULT NULL,
  `license_plate` varchar(20) NOT NULL,
  `plate_type` enum('blue','yellow','green','white','other') DEFAULT NULL,
  `confidence` decimal(5,4) NOT NULL,
  `bbox` json DEFAULT NULL COMMENT '车牌坐标 [x,y,w,h]',
  `enhance_algorithm` varchar(50) DEFAULT NULL,
  `model_version` varchar(20) DEFAULT NULL,
  `processed_at` datetime NOT NULL,
  `created_at` datetime NOT NULL DEFAULT CURRENT_TIMESTAMP,
  `is_deleted` tinyint(1) DEFAULT '0',
  `processing_time` float DEFAULT NULL COMMENT '处理时长(ms)',
  PRIMARY KEY (`id`),
  KEY `task_id` (`task_id`),
  KEY `idx_user_plate` (`user_id`,`license_plate`),
  KEY `idx_processed_at` (`processed_at`),
  CONSTRAINT `recognition_results_ibfk_1` FOREIGN KEY (`task_id`) REFERENCES `recognition_tasks` (`id`) ON DELETE SET NULL,
  CONSTRAINT `recognition_results_ibfk_2` FOREIGN KEY (`user_id`) REFERENCES `users` (`id`) ON DELETE CASCADE
) ENGINE=InnoDB AUTO_INCREMENT=52 DEFAULT CHARSET=utf8mb4 COLLATE=utf8mb4_0900_ai_ci COMMENT='识别结果';
/*!40101 SET character_set_client = @saved_cs_client */;

--
-- Dumping data for table `recognition_results`
--

LOCK TABLES `recognition_results` WRITE;
/*!40000 ALTER TABLE `recognition_results` DISABLE KEYS */;
INSERT INTO `recognition_results` VALUES (1,1,1,'https://oss.example.com/images/1.jpg','https://oss.example.com/enhanced/1.jpg','京A12345','blue',0.9985,'[100, 80, 180, 60]','clahe','v2.1.0','2026-01-05 09:00:05','2026-01-05 23:50:11',0,NULL),(2,2,2,'https://oss.example.com/images/2_1.jpg','https://oss.example.com/enhanced/2_1.jpg','沪B67890','yellow',0.9978,'[120, 90, 190, 70]','unsharp','v2.1.0','2026-01-05 10:00:05','2026-01-05 23:50:11',0,NULL),(3,2,2,'https://oss.example.com/images/2_2.jpg','https://oss.example.com/enhanced/2_2.jpg','粤C11223','green',0.9965,'[110, 85, 185, 65]','clahe','v2.1.0','2026-01-05 10:00:10','2026-01-05 23:50:11',0,NULL),(4,NULL,2,'https://oss.example.com/images/3.jpg',NULL,'苏D44556','white',0.9990,'[95, 75, 175, 55]','none','v2.1.0','2026-01-05 13:00:00','2026-01-05 23:50:11',0,NULL),(5,7,7,'https://lucky-yyf.oss-cn-beijing.aliyuncs.com/lpr/upload/4b052018-649d-4b79-a014-3d2583823268.png',NULL,'京A99999','blue',0.8488,'[99, 475, 223, 532]',NULL,NULL,'2026-01-06 20:20:49','2026-01-06 20:20:49',0,NULL),(6,8,7,'https://lucky-yyf.oss-cn-beijing.aliyuncs.com/lpr/upload/3ae4acec-4eb9-4e01-b57c-d4e18fdc260d.png',NULL,'皖AAF77','blue',0.4590,'[10, 38, 508, 197]',NULL,NULL,'2026-01-06 20:26:55','2026-01-06 20:26:54',1,NULL),(8,10,7,'https://lucky-yyf.oss-cn-beijing.aliyuncs.com/lpr/upload/c7e274ce-bcd4-47e3-b4c8-58599a19b8a1.png',NULL,'皖A6K50','blue',0.7672,'[6, 0, 809, 222]',NULL,NULL,'2026-01-06 21:00:12','2026-01-06 21:00:11',0,NULL),(10,12,7,'https://lucky-yyf.oss-cn-beijing.aliyuncs.com/lpr/upload/96e553c2-4af4-4519-bb0c-0cbed3d4b393.png',NULL,'皖AAF77','blue',0.4590,'[10, 38, 508, 197]',NULL,NULL,'2026-01-06 21:01:04','2026-01-06 21:01:04',0,NULL),(11,13,7,'https://lucky-yyf.oss-cn-beijing.aliyuncs.com/lpr/upload/b21961f9-135b-4c97-a707-caa10a9a4037.jpg',NULL,'皖AD18989','blue',0.7432,'[197, 413, 477, 506]',NULL,NULL,'2026-01-06 21:01:56','2026-01-06 21:01:55',0,NULL),(13,15,7,'https://lucky-yyf.oss-cn-beijing.aliyuncs.com/lpr/upload/0ff4d505-99da-485b-9653-b6a27770c569.jpg',NULL,'皖AYR388','blue',0.8498,'[150, 513, 421, 595]',NULL,NULL,'2026-01-07 03:29:07','2026-01-07 03:29:07',1,NULL),(14,16,7,'https://lucky-yyf.oss-cn-beijing.aliyuncs.com/lpr/upload/2eeaaed7-3907-4e68-a2f3-cec0c6edd991.jpg',NULL,'皖AY8T35','blue',0.8653,'[298, 479, 457, 550]',NULL,NULL,'2026-01-07 03:43:19','2026-01-07 03:43:18',0,NULL),(15,16,7,'https://lucky-yyf.oss-cn-beijing.aliyuncs.com/lpr/upload/6549a302-cc36-4174-91fc-06cb2919aa0c.jpg',NULL,'皖APS627','blue',0.8709,'[244, 526, 463, 597]',NULL,NULL,'2026-01-07 03:43:19','2026-01-07 03:43:19',0,NULL),(16,16,7,'https://lucky-yyf.oss-cn-beijing.aliyuncs.com/lpr/upload/45f542b3-f235-42a9-aa7d-3e2baf5249c9.jpg',NULL,'豫ADB4566','blue',0.7658,'[232, 523, 406, 571]',NULL,NULL,'2026-01-07 03:43:20','2026-01-07 03:43:19',0,NULL),(17,16,7,'https://lucky-yyf.oss-cn-beijing.aliyuncs.com/lpr/upload/057f742f-71ec-4463-b47f-f9b3e1f47d30.jpg',NULL,'皖AET769','blue',0.8859,'[224, 436, 413, 506]',NULL,NULL,'2026-01-07 03:43:20','2026-01-07 03:43:20',0,NULL),(18,16,7,'https://lucky-yyf.oss-cn-beijing.aliyuncs.com/lpr/upload/c5bdf8dc-c8f8-4457-a33e-bc4d2cf8c742.jpg',NULL,'皖A48679','blue',0.8773,'[293, 552, 498, 612]',NULL,NULL,'2026-01-07 03:43:21','2026-01-07 03:43:20',0,NULL),(19,17,7,'https://lucky-yyf.oss-cn-beijing.aliyuncs.com/lpr/upload/abcdabe5-ae0c-4a5d-9edb-8fb7780e925a.jpg',NULL,'皖A24498','blue',0.8875,'[268, 446, 498, 526]',NULL,NULL,'2026-01-07 03:54:26','2026-01-07 03:54:26',0,NULL),(20,17,7,'https://lucky-yyf.oss-cn-beijing.aliyuncs.com/lpr/upload/115478f6-e270-4860-8c4f-2c95e7f89dfb.jpg',NULL,'皖AB320A','blue',0.8767,'[185, 407, 423, 484]',NULL,NULL,'2026-01-07 03:54:27','2026-01-07 03:54:26',0,NULL),(21,17,7,'https://lucky-yyf.oss-cn-beijing.aliyuncs.com/lpr/upload/c3af4adb-73af-41dc-a022-476695ba7f03.jpg',NULL,'皖A09L62','blue',0.8677,'[281, 484, 516, 548]',NULL,NULL,'2026-01-07 03:54:27','2026-01-07 03:54:27',0,NULL),(22,17,7,'https://lucky-yyf.oss-cn-beijing.aliyuncs.com/lpr/upload/bd9b5e66-596c-43ef-9b14-9a2ee1d2dabe.jpg',NULL,'皖AWL890','blue',0.8718,'[141, 549, 381, 614]',NULL,NULL,'2026-01-07 03:54:28','2026-01-07 03:54:27',0,NULL),(23,18,7,'https://lucky-yyf.oss-cn-beijing.aliyuncs.com/lpr/upload/226734ba-bf8a-46c9-a1af-c62689c827c9.jpg',NULL,'皖AY8T35','blue',0.8653,'[298, 479, 457, 550]',NULL,NULL,'2026-01-07 03:55:00','2026-01-07 03:54:59',0,NULL),(24,19,7,'https://lucky-yyf.oss-cn-beijing.aliyuncs.com/lpr/upload/c5e06638-8592-4db7-8c37-7d7fdf8ac141.jpg',NULL,'皖AQ8611','blue',0.8706,'[346, 489, 532, 547]',NULL,NULL,'2026-01-07 03:57:02','2026-01-07 03:57:02',0,NULL),(25,20,7,'https://lucky-yyf.oss-cn-beijing.aliyuncs.com/lpr/upload/788de9b4-92a7-4eda-a1be-62a56209238c.jpg',NULL,'皖AM387Y','blue',0.8877,'[298, 415, 485, 478]',NULL,NULL,'2026-01-07 04:00:03','2026-01-07 04:00:02',0,NULL),(26,20,7,'https://lucky-yyf.oss-cn-beijing.aliyuncs.com/lpr/upload/2fd029ba-2f76-4c5f-b1bd-4dd613ad36ea.jpg',NULL,'皖AAN920','blue',0.8507,'[288, 531, 470, 595]',NULL,NULL,'2026-01-07 04:00:04','2026-01-07 04:00:03',0,NULL),(27,20,7,'https://lucky-yyf.oss-cn-beijing.aliyuncs.com/lpr/upload/91750d0e-c82b-4344-a272-74fc13c65088.jpg',NULL,'皖A5M877','blue',0.8667,'[255, 490, 440, 550]',NULL,NULL,'2026-01-07 04:00:04','2026-01-07 04:00:04',0,NULL),(28,21,7,'https://lucky-yyf.oss-cn-beijing.aliyuncs.com/lpr/upload/eb14823e-e8d5-4c8a-a351-ef322b54dd5d.jpg',NULL,'皖APS627','blue',0.8709,'[244, 526, 463, 597]',NULL,NULL,'2026-01-07 04:01:19','2026-01-07 04:01:19',0,NULL),(29,21,7,'https://lucky-yyf.oss-cn-beijing.aliyuncs.com/lpr/upload/5528006f-33a1-4ec6-91b8-1f90dae97428.jpg',NULL,'皖A5M877','blue',0.8667,'[255, 490, 440, 550]',NULL,NULL,'2026-01-07 04:01:20','2026-01-07 04:01:19',0,NULL),(30,22,7,'https://lucky-yyf.oss-cn-beijing.aliyuncs.com/lpr/upload/21323b3a-561e-4112-a50a-29be1c56c324.jpg',NULL,'皖AM387Y','blue',0.8877,'[298, 415, 485, 478]',NULL,NULL,'2026-01-07 04:02:05','2026-01-07 04:02:04',0,NULL),(31,22,7,'https://lucky-yyf.oss-cn-beijing.aliyuncs.com/lpr/upload/43a69053-4299-46aa-9ab3-6a04e0764302.jpg',NULL,'皖AAN920','blue',0.8507,'[288, 531, 470, 595]',NULL,NULL,'2026-01-07 04:02:05','2026-01-07 04:02:05',0,NULL),(32,22,7,'https://lucky-yyf.oss-cn-beijing.aliyuncs.com/lpr/upload/58f5d01e-8ee2-409f-a1a1-d509f4cd774b.jpg',NULL,'皖A5M877','blue',0.8667,'[255, 490, 440, 550]',NULL,NULL,'2026-01-07 04:02:06','2026-01-07 04:02:05',0,NULL),(33,22,7,'https://lucky-yyf.oss-cn-beijing.aliyuncs.com/lpr/upload/d074fee3-5139-4907-aca3-d7aeb35c621f.jpg',NULL,'皖APS627','blue',0.8709,'[244, 526, 463, 597]',NULL,NULL,'2026-01-07 04:02:06','2026-01-07 04:02:06',0,NULL),(34,23,7,'https://lucky-yyf.oss-cn-beijing.aliyuncs.com/lpr/upload/d0276fd1-bc32-4dcf-a920-09f2ec3bf488.jpg',NULL,'皖AD41988','blue',0.7784,'[170, 531, 509, 608]',NULL,NULL,'2026-01-07 04:07:02','2026-01-07 04:07:01',0,NULL),(35,23,7,'https://lucky-yyf.oss-cn-beijing.aliyuncs.com/lpr/upload/27817699-1a08-469b-9d40-8f569a82b807.jpg',NULL,'皖AD18989','blue',0.7432,'[197, 413, 477, 506]',NULL,NULL,'2026-01-07 04:07:02','2026-01-07 04:07:02',0,NULL),(36,24,7,'https://lucky-yyf.oss-cn-beijing.aliyuncs.com/lpr/upload/13a07841-fd9c-43ae-bbbb-178c3674764c.jpg',NULL,'皖A15926','blue',0.8570,'[272, 357, 473, 415]',NULL,NULL,'2026-01-08 01:26:04','2026-01-08 01:26:03',0,NULL),(37,25,7,'https://lucky-yyf.oss-cn-beijing.aliyuncs.com/lpr/upload/eead894a-ebc3-40ae-b1d3-a785af2810e1.jpg',NULL,'皖AS8730','blue',0.8865,'[139, 599, 328, 660]',NULL,NULL,'2026-01-08 01:28:36','2026-01-08 01:28:36',0,NULL),(38,26,7,'https://lucky-yyf.oss-cn-beijing.aliyuncs.com/lpr/upload/cc7cdb46-1986-4e64-8e72-57b845f261c5.jpg',NULL,'皖AC979U','blue',0.8544,'[185, 470, 406, 534]',NULL,NULL,'2026-01-08 01:28:50','2026-01-08 01:28:49',0,NULL),(39,26,7,'https://lucky-yyf.oss-cn-beijing.aliyuncs.com/lpr/upload/45156b7b-820a-4dae-99e1-5a99483a3dd9.jpg',NULL,'皖AFY002','blue',0.8483,'[261, 454, 474, 550]',NULL,NULL,'2026-01-08 01:28:51','2026-01-08 01:28:50',0,NULL),(40,26,7,'https://lucky-yyf.oss-cn-beijing.aliyuncs.com/lpr/upload/4d473ad9-c7c5-4e17-8064-7e0e79481424.jpg',NULL,'皖A921Z6','blue',0.7470,'[359, 363, 568, 437]',NULL,NULL,'2026-01-08 01:28:51','2026-01-08 01:28:51',0,NULL),(41,27,7,'https://lucky-yyf.oss-cn-beijing.aliyuncs.com/lpr/upload/10e78bff-f1c6-4bdf-acfa-285ac6518c5c.jpg',NULL,'皖A80U968','blue',0.8356,'[195, 555, 387, 610]',NULL,NULL,'2026-01-08 01:29:18','2026-01-08 01:29:18',0,NULL),(42,27,7,'https://lucky-yyf.oss-cn-beijing.aliyuncs.com/lpr/upload/e8526696-3231-4220-b107-92ce7a9c6f32.jpg',NULL,'皖AS8730','blue',0.8865,'[139, 599, 328, 660]',NULL,NULL,'2026-01-08 01:29:19','2026-01-08 01:29:18',0,NULL),(43,27,7,'https://lucky-yyf.oss-cn-beijing.aliyuncs.com/lpr/upload/ecd8a7d8-4984-4353-b0e6-dd6d55291401.jpg',NULL,'皖AC979U','blue',0.8544,'[185, 470, 406, 534]',NULL,NULL,'2026-01-08 01:29:19','2026-01-08 01:29:19',0,NULL),(44,28,7,'https://lucky-yyf.oss-cn-beijing.aliyuncs.com/lpr/upload/134b1dd4-ad0c-41ab-856d-24b44a6c2165.jpg',NULL,'鲁H06200','blue',0.8107,'[253, 472, 438, 545]',NULL,NULL,'2026-01-08 01:31:07','2026-01-08 01:31:07',0,NULL),(45,29,7,'https://lucky-yyf.oss-cn-beijing.aliyuncs.com/lpr/upload/76349f70-e040-4309-9eb6-b670546f0552.jpg',NULL,'皖A80U968','blue',0.8356,'[195, 555, 387, 610]',NULL,NULL,'2026-01-08 01:34:52','2026-01-08 01:34:51',0,NULL),(46,30,7,'https://lucky-yyf.oss-cn-beijing.aliyuncs.com/lpr/upload/b5a2834e-cdd2-4d85-99c5-c6709aa6a323.jpg',NULL,'皖AC979U','blue',0.8544,'[185, 470, 406, 534]',NULL,NULL,'2026-01-08 01:44:20','2026-01-08 01:44:19',0,1762.12),(47,31,7,'https://lucky-yyf.oss-cn-beijing.aliyuncs.com/lpr/upload/221a009f-3e46-4b59-a8b8-60bc8fb60fa1.jpg',NULL,'皖AFY002','blue',0.8483,'[261, 454, 474, 550]',NULL,NULL,'2026-01-08 01:48:43','2026-01-08 01:48:42',0,3736.43),(48,32,7,'https://lucky-yyf.oss-cn-beijing.aliyuncs.com/lpr/upload/2b7885fb-b21d-4835-846f-92b59d14e727.jpg',NULL,'皖A921Z6','blue',0.7470,'[359, 363, 568, 437]',NULL,NULL,'2026-01-08 01:50:39','2026-01-08 01:50:39',0,3082.65),(49,33,7,'https://lucky-yyf.oss-cn-beijing.aliyuncs.com/lpr/upload/9db75f5d-9436-4d4a-b842-765d9bac34ae.jpg',NULL,'皖AC979U','blue',0.8544,'[185, 470, 406, 534]',NULL,NULL,'2026-01-08 17:10:33','2026-01-08 17:10:33',0,1216.11),(50,34,7,'https://lucky-yyf.oss-cn-beijing.aliyuncs.com/lpr/upload/8badd803-0c35-4452-bbc1-1fc33bdf53c4.png',NULL,'皖AAF77','blue',0.4590,'[10, 38, 508, 197]',NULL,NULL,'2026-01-08 17:32:47','2026-01-08 17:32:46',0,1370.15),(51,34,7,'https://lucky-yyf.oss-cn-beijing.aliyuncs.com/lpr/upload/dd117c76-f81a-46d6-96fa-258cd814403a.png',NULL,'皖A6K50','blue',0.7672,'[6, 0, 809, 222]',NULL,NULL,'2026-01-08 17:32:47','2026-01-08 17:32:46',0,1573.49);
/*!40000 ALTER TABLE `recognition_results` ENABLE KEYS */;
UNLOCK TABLES;

--
-- Table structure for table `recognition_statistics`
--

DROP TABLE IF EXISTS `recognition_statistics`;
/*!40101 SET @saved_cs_client     = @@character_set_client */;
/*!50503 SET character_set_client = utf8mb4 */;
CREATE TABLE `recognition_statistics` (
  `user_id` bigint NOT NULL,
  `sub_user_id` bigint DEFAULT NULL COMMENT '子账户独立统计',
  `stat_date` date NOT NULL,
  `daily_count` int DEFAULT '0',
  `monthly_count` int DEFAULT '0',
  `video_count` int DEFAULT '0',
  `api_count` int DEFAULT '0',
  PRIMARY KEY (`user_id`,`stat_date`),
  KEY `sub_user_id` (`sub_user_id`),
  CONSTRAINT `recognition_statistics_ibfk_1` FOREIGN KEY (`user_id`) REFERENCES `users` (`id`) ON DELETE CASCADE,
  CONSTRAINT `recognition_statistics_ibfk_2` FOREIGN KEY (`sub_user_id`) REFERENCES `users` (`id`) ON DELETE CASCADE
) ENGINE=InnoDB DEFAULT CHARSET=utf8mb4 COLLATE=utf8mb4_0900_ai_ci COMMENT='识别统计（限额）';
/*!40101 SET character_set_client = @saved_cs_client */;

--
-- Dumping data for table `recognition_statistics`
--

LOCK TABLES `recognition_statistics` WRITE;
/*!40000 ALTER TABLE `recognition_statistics` DISABLE KEYS */;
INSERT INTO `recognition_statistics` VALUES (1,NULL,'2026-01-05',5,15,0,0),(2,NULL,'2026-01-05',20,65,2,5),(3,NULL,'2026-01-05',100,350,5,20),(4,3,'2026-01-05',45,120,1,8),(7,NULL,'2026-01-06',9,9,0,0),(7,NULL,'2026-01-07',4,4,0,0),(7,NULL,'2026-01-08',8,8,0,0);
/*!40000 ALTER TABLE `recognition_statistics` ENABLE KEYS */;
UNLOCK TABLES;

--
-- Table structure for table `recognition_tasks`
--

DROP TABLE IF EXISTS `recognition_tasks`;
/*!40101 SET @saved_cs_client     = @@character_set_client */;
/*!50503 SET character_set_client = utf8mb4 */;
CREATE TABLE `recognition_tasks` (
  `id` bigint NOT NULL AUTO_INCREMENT,
  `task_uuid` varchar(64) NOT NULL COMMENT '业务任务UUID（前端展示）',
  `user_id` bigint NOT NULL,
  `task_type` enum('single','batch','video','realtime') NOT NULL,
  `status` enum('pending','processing','completed','failed') NOT NULL DEFAULT 'pending',
  `progress` decimal(5,2) DEFAULT '0.00',
  `total_items` int DEFAULT NULL,
  `success_count` int DEFAULT '0',
  `failed_count` int DEFAULT '0',
  `started_at` datetime DEFAULT NULL,
  `finished_at` datetime DEFAULT NULL,
  `created_at` datetime NOT NULL DEFAULT CURRENT_TIMESTAMP,
  `is_deleted` tinyint(1) DEFAULT '0',
  PRIMARY KEY (`id`),
  UNIQUE KEY `task_uuid` (`task_uuid`),
  KEY `idx_user_status` (`user_id`,`status`),
  KEY `idx_task_uuid` (`task_uuid`),
  CONSTRAINT `recognition_tasks_ibfk_1` FOREIGN KEY (`user_id`) REFERENCES `users` (`id`) ON DELETE CASCADE
) ENGINE=InnoDB AUTO_INCREMENT=35 DEFAULT CHARSET=utf8mb4 COLLATE=utf8mb4_0900_ai_ci COMMENT='识别任务主表';
/*!40101 SET character_set_client = @saved_cs_client */;

--
-- Dumping data for table `recognition_tasks`
--

LOCK TABLES `recognition_tasks` WRITE;
/*!40000 ALTER TABLE `recognition_tasks` DISABLE KEYS */;
INSERT INTO `recognition_tasks` VALUES (1,'task_1736064000_001',1,'single','completed',100.00,1,1,0,'2026-01-05 09:00:00','2026-01-05 09:00:05','2026-01-05 23:50:11',0),(2,'task_1736064000_002',2,'batch','completed',100.00,10,9,1,'2026-01-05 10:00:00','2026-01-05 10:00:30','2026-01-05 23:50:11',0),(3,'task_1736064000_003',3,'video','processing',75.00,NULL,NULL,NULL,'2026-01-05 11:00:00',NULL,'2026-01-05 23:50:11',0),(4,'task_1736064000_004',4,'single','failed',0.00,1,0,1,'2026-01-05 12:00:00','2026-01-05 12:00:03','2026-01-05 23:50:11',0),(5,'e8a31cd9-0c2c-4b97-9b99-fe5fe8e8914a',7,'single','failed',0.00,1,0,1,'2026-01-06 20:13:46','2026-01-06 20:13:46','2026-01-06 20:13:46',0),(6,'0b31435a-2d81-4678-8bc5-f9f97285caf3',7,'single','failed',0.00,1,0,1,'2026-01-06 20:18:01','2026-01-06 20:18:02','2026-01-06 20:18:00',0),(7,'aa379589-a7d5-458a-b653-3b3869a1bcd4',7,'single','completed',100.00,1,1,0,'2026-01-06 20:20:48','2026-01-06 20:20:49','2026-01-06 20:20:47',0),(8,'c96823ff-2f36-45ea-bbe8-454eacc24aa1',7,'single','completed',100.00,1,1,0,'2026-01-06 20:26:54','2026-01-06 20:26:55','2026-01-06 20:26:53',0),(10,'4b684d24-4c64-4b55-a41f-c55a42487e80',7,'single','completed',100.00,1,1,0,'2026-01-06 21:00:10','2026-01-06 21:00:12','2026-01-06 21:00:09',0),(12,'1d5fdd03-cb05-4ba2-a596-5b9f3f051454',7,'single','completed',100.00,1,1,0,'2026-01-06 21:01:04','2026-01-06 21:01:04','2026-01-06 21:01:02',0),(13,'b719275d-c568-4b28-b3ff-e9204d1b3b71',7,'single','completed',100.00,1,1,0,'2026-01-06 21:01:55','2026-01-06 21:01:56','2026-01-06 21:01:53',0),(15,'ebd7ff47-014b-4eb9-958e-e8adbf3c94a3',7,'single','completed',100.00,1,1,0,'2026-01-07 03:29:06','2026-01-07 03:29:07','2026-01-07 03:29:04',0),(16,'192bef97-1706-4419-b8a3-eef965e9926c',7,'batch','completed',100.00,5,5,0,'2026-01-07 03:43:16','2026-01-07 03:43:21','2026-01-07 03:43:16',0),(17,'9cd1b334-ef28-4987-8a6e-cf5a8ee543d4',7,'batch','completed',100.00,4,4,0,'2026-01-07 03:54:24','2026-01-07 03:54:28','2026-01-07 03:54:23',0),(18,'906862d0-a47a-4b19-aa79-f6fcdbbf81c4',7,'single','completed',100.00,1,1,0,'2026-01-07 03:54:59','2026-01-07 03:55:00','2026-01-07 03:54:57',0),(19,'a809ce1a-831a-4d8a-9c56-1899061c5fb7',7,'single','completed',100.00,1,1,0,'2026-01-07 03:57:01','2026-01-07 03:57:02','2026-01-07 03:57:00',0),(20,'94a7d8dd-b56e-4dd7-a551-f6b0debdf7fd',7,'batch','completed',100.00,3,3,0,'2026-01-07 04:00:02','2026-01-07 04:00:04','2026-01-07 04:00:01',0),(21,'991b3a40-cd65-4def-836f-d61df9295159',7,'batch','completed',100.00,2,2,0,'2026-01-07 04:01:19','2026-01-07 04:01:20','2026-01-07 04:01:18',0),(22,'4693f62d-9d53-4731-b634-2f34a6c8d822',7,'batch','completed',100.00,4,4,0,'2026-01-07 04:02:04','2026-01-07 04:02:06','2026-01-07 04:02:04',0),(23,'886b0d05-dcf5-4d30-8cf9-e50cae83842b',7,'batch','completed',100.00,3,2,1,'2026-01-07 04:07:00','2026-01-07 04:07:02','2026-01-07 04:07:00',0),(24,'f5296398-08ca-4806-92e8-3dc5ad2247ff',7,'single','completed',100.00,1,1,0,'2026-01-08 01:26:02','2026-01-08 01:26:04','2026-01-08 01:26:01',0),(25,'84abfb4f-75a3-4ece-ad81-d7f9e91d12f3',7,'single','completed',100.00,1,1,0,'2026-01-08 01:28:35','2026-01-08 01:28:36','2026-01-08 01:28:34',0),(26,'f08c9196-b576-4ca7-a4d3-a06b88660236',7,'batch','completed',100.00,3,3,0,'2026-01-08 01:28:49','2026-01-08 01:28:51','2026-01-08 01:28:48',0),(27,'8cc30ca0-24a1-43bb-9a04-d07ac5c64573',7,'batch','completed',100.00,3,3,0,'2026-01-08 01:29:17','2026-01-08 01:29:19','2026-01-08 01:29:17',0),(28,'1277fdb6-b5c9-42ad-af73-fc83ae3c264d',7,'single','completed',100.00,1,1,0,'2026-01-08 01:31:06','2026-01-08 01:31:07','2026-01-08 01:31:05',0),(29,'312f7286-1d62-4932-a388-b091503c15b0',7,'single','completed',100.00,1,1,0,'2026-01-08 01:34:50','2026-01-08 01:34:52','2026-01-08 01:34:49',0),(30,'0b8b2ddc-f19b-43e8-92fc-cb806ee256d1',7,'single','completed',100.00,1,1,0,'2026-01-08 01:44:18','2026-01-08 01:44:20','2026-01-08 01:44:16',0),(31,'626637f1-bc5b-435d-a68c-7597f1d2f5d9',7,'single','completed',100.00,1,1,0,'2026-01-08 01:48:39','2026-01-08 01:48:43','2026-01-08 01:48:38',0),(32,'660ceced-f3f2-48db-b884-92b767c11db2',7,'single','completed',100.00,1,1,0,'2026-01-08 01:50:36','2026-01-08 01:50:39','2026-01-08 01:50:34',0),(33,'f575ff25-96ac-42ac-9eca-35178e0d2459',7,'single','completed',100.00,1,1,0,'2026-01-08 17:10:32','2026-01-08 17:10:33','2026-01-08 17:10:30',0),(34,'5e395a31-d443-48e7-acd2-0d20c66ff5f3',7,'batch','completed',100.00,2,2,0,'2026-01-08 17:32:45','2026-01-08 17:32:47','2026-01-08 17:32:45',0);
/*!40000 ALTER TABLE `recognition_tasks` ENABLE KEYS */;
UNLOCK TABLES;

--
-- Table structure for table `role_permissions`
--

DROP TABLE IF EXISTS `role_permissions`;
/*!40101 SET @saved_cs_client     = @@character_set_client */;
/*!50503 SET character_set_client = utf8mb4 */;
CREATE TABLE `role_permissions` (
  `role_id` bigint NOT NULL,
  `permission_id` bigint NOT NULL,
  PRIMARY KEY (`role_id`,`permission_id`),
  KEY `permission_id` (`permission_id`),
  CONSTRAINT `role_permissions_ibfk_1` FOREIGN KEY (`role_id`) REFERENCES `roles` (`id`) ON DELETE CASCADE,
  CONSTRAINT `role_permissions_ibfk_2` FOREIGN KEY (`permission_id`) REFERENCES `permissions` (`id`) ON DELETE CASCADE
) ENGINE=InnoDB DEFAULT CHARSET=utf8mb4 COLLATE=utf8mb4_0900_ai_ci COMMENT='角色-权限关联';
/*!40101 SET character_set_client = @saved_cs_client */;

--
-- Dumping data for table `role_permissions`
--

LOCK TABLES `role_permissions` WRITE;
/*!40000 ALTER TABLE `role_permissions` DISABLE KEYS */;
INSERT INTO `role_permissions` VALUES (2,2),(2,3),(3,4),(3,5),(4,6),(4,7),(4,8),(4,9),(5,10),(5,11),(5,12),(5,13),(6,14),(6,15),(6,16),(6,17);
/*!40000 ALTER TABLE `role_permissions` ENABLE KEYS */;
UNLOCK TABLES;

--
-- Table structure for table `roles`
--

DROP TABLE IF EXISTS `roles`;
/*!40101 SET @saved_cs_client     = @@character_set_client */;
/*!50503 SET character_set_client = utf8mb4 */;
CREATE TABLE `roles` (
  `id` bigint NOT NULL AUTO_INCREMENT,
  `name` varchar(50) NOT NULL,
  `description` text,
  `is_system` tinyint(1) NOT NULL DEFAULT '0' COMMENT '系统内置角色不可删除',
  `created_at` datetime NOT NULL DEFAULT CURRENT_TIMESTAMP,
  PRIMARY KEY (`id`),
  UNIQUE KEY `name` (`name`)
) ENGINE=InnoDB AUTO_INCREMENT=7 DEFAULT CHARSET=utf8mb4 COLLATE=utf8mb4_0900_ai_ci COMMENT='管理员角色';
/*!40101 SET character_set_client = @saved_cs_client */;

--
-- Dumping data for table `roles`
--

LOCK TABLES `roles` WRITE;
/*!40000 ALTER TABLE `roles` DISABLE KEYS */;
INSERT INTO `roles` VALUES (1,'super_admin','超级管理员，拥有所有权限',1,'2026-01-05 23:50:11'),(2,'user_manager','用户管理管理员，负责用户与认证相关操作',1,'2026-01-05 23:50:11'),(3,'finance_manager','财务管理员，负责订单与收入相关操作',1,'2026-01-05 23:50:11'),(4,'ops_manager','运营管理员，负责官网内容、活动、公告管理',1,'2026-01-05 23:50:11'),(5,'ai_manager','算法/识别管理员，负责模型与识别服务管理',1,'2026-01-05 23:50:11'),(6,'security_admin','安全/运维管理员，负责系统安全与运维管理',1,'2026-01-05 23:50:11');
/*!40000 ALTER TABLE `roles` ENABLE KEYS */;
UNLOCK TABLES;

--
-- Table structure for table `security_logs`
--

DROP TABLE IF EXISTS `security_logs`;
/*!40101 SET @saved_cs_client     = @@character_set_client */;
/*!50503 SET character_set_client = utf8mb4 */;
CREATE TABLE `security_logs` (
  `id` bigint NOT NULL AUTO_INCREMENT,
  `event_type` varchar(100) NOT NULL,
  `user_id` bigint DEFAULT NULL,
  `ip_address` varchar(45) DEFAULT NULL,
  `description` text,
  `created_at` datetime NOT NULL DEFAULT CURRENT_TIMESTAMP,
  PRIMARY KEY (`id`),
  KEY `user_id` (`user_id`),
  CONSTRAINT `security_logs_ibfk_1` FOREIGN KEY (`user_id`) REFERENCES `users` (`id`) ON DELETE SET NULL
) ENGINE=InnoDB AUTO_INCREMENT=5 DEFAULT CHARSET=utf8mb4 COLLATE=utf8mb4_0900_ai_ci COMMENT='安全事件日志';
/*!40101 SET character_set_client = @saved_cs_client */;

--
-- Dumping data for table `security_logs`
--

LOCK TABLES `security_logs` WRITE;
/*!40000 ALTER TABLE `security_logs` DISABLE KEYS */;
INSERT INTO `security_logs` VALUES (1,'login_attempt_failed',1,'192.168.1.100','密码错误，连续3次失败','2026-01-05 23:51:43'),(2,'password_changed',2,'192.168.1.101','用户主动修改密码','2026-01-05 23:51:43'),(3,'api_key_created',3,'192.168.1.102','生成新的API密钥，旧密钥已失效','2026-01-05 23:51:43'),(4,'suspicious_activity',NULL,'10.0.0.5','批量尝试访问未授权接口','2026-01-05 23:51:43');
/*!40000 ALTER TABLE `security_logs` ENABLE KEYS */;
UNLOCK TABLES;

--
-- Table structure for table `sub_accounts`
--

DROP TABLE IF EXISTS `sub_accounts`;
/*!40101 SET @saved_cs_client     = @@character_set_client */;
/*!50503 SET character_set_client = utf8mb4 */;
CREATE TABLE `sub_accounts` (
  `id` bigint NOT NULL AUTO_INCREMENT,
  `enterprise_user_id` bigint NOT NULL COMMENT '企业主账户ID',
  `sub_user_id` bigint NOT NULL COMMENT '子账户用户ID',
  `role` enum('admin','operator','viewer') NOT NULL DEFAULT 'operator' COMMENT '子账户权限级别',
  `quota_daily` int DEFAULT NULL COMMENT '子账户独立每日识别限额（可覆盖全局）',
  `created_at` datetime NOT NULL DEFAULT CURRENT_TIMESTAMP,
  PRIMARY KEY (`id`),
  UNIQUE KEY `uniq_sub` (`enterprise_user_id`,`sub_user_id`),
  KEY `sub_user_id` (`sub_user_id`),
  CONSTRAINT `sub_accounts_ibfk_1` FOREIGN KEY (`enterprise_user_id`) REFERENCES `users` (`id`) ON DELETE CASCADE,
  CONSTRAINT `sub_accounts_ibfk_2` FOREIGN KEY (`sub_user_id`) REFERENCES `users` (`id`) ON DELETE CASCADE
) ENGINE=InnoDB AUTO_INCREMENT=2 DEFAULT CHARSET=utf8mb4 COLLATE=utf8mb4_0900_ai_ci COMMENT='企业子账户';
/*!40101 SET character_set_client = @saved_cs_client */;

--
-- Dumping data for table `sub_accounts`
--

LOCK TABLES `sub_accounts` WRITE;
/*!40000 ALTER TABLE `sub_accounts` DISABLE KEYS */;
INSERT INTO `sub_accounts` VALUES (1,3,4,'operator',500,'2026-01-05 23:50:11');
/*!40000 ALTER TABLE `sub_accounts` ENABLE KEYS */;
UNLOCK TABLES;

--
-- Table structure for table `system_configs`
--

DROP TABLE IF EXISTS `system_configs`;
/*!40101 SET @saved_cs_client     = @@character_set_client */;
/*!50503 SET character_set_client = utf8mb4 */;
CREATE TABLE `system_configs` (
  `id` bigint NOT NULL AUTO_INCREMENT,
  `config_key` varchar(100) NOT NULL,
  `config_value` text NOT NULL,
  `description` varchar(255) DEFAULT NULL,
  `is_public` tinyint(1) DEFAULT '0' COMMENT '是否前端可读',
  `updated_at` datetime NOT NULL DEFAULT CURRENT_TIMESTAMP ON UPDATE CURRENT_TIMESTAMP,
  PRIMARY KEY (`id`),
  UNIQUE KEY `config_key` (`config_key`)
) ENGINE=InnoDB AUTO_INCREMENT=83 DEFAULT CHARSET=utf8mb4 COLLATE=utf8mb4_0900_ai_ci COMMENT='系统全局配置（限额、SEO、SMTP等）';
/*!40101 SET character_set_client = @saved_cs_client */;

--
-- Dumping data for table `system_configs`
--

LOCK TABLES `system_configs` WRITE;
/*!40000 ALTER TABLE `system_configs` DISABLE KEYS */;
INSERT INTO `system_configs` VALUES (44,'base.seo_title','DarkVision-LPR','项目标题',1,'2026-01-09 04:44:32'),(45,'base.service_availability','99.9%','服务可用性',1,'2026-01-09 04:44:32'),(46,'base.enterprise_clients','500+','企业客户数量',1,'2026-01-09 04:44:32'),(47,'base.oss_url','https://lucky-yyf.oss-cn-beijing.aliyuncs.com','OSS对外访问URL',1,'2026-01-09 04:44:32'),(48,'base.oss_endpoint','oss-cn-beijing.aliyuncs.com','OSS Endpoint',0,'2026-01-09 04:44:32'),(49,'base.oss_bucket_name','lucky-yyf','OSS Bucket名称',0,'2026-01-09 04:44:32'),(50,'base.oss_access_key_id','LTAI5tCJAKHv96E4hYuhUEG4','OSS AccessKey ID',0,'2026-01-09 04:44:32'),(51,'base.oss_access_key_secret','RRxg1dBcF4rqB7uvKxyZm7L1kcdpbl','OSS AccessKey Secret',0,'2026-01-09 04:44:32'),(52,'base.aliyun_market_appcode','387511e0bc40494ea8f35dc670493eb7','阿里云市场AppCode',0,'2026-01-09 04:44:32'),(53,'recognition.confidence','0.8','默认识别置信度阈值',0,'2026-01-09 04:44:32'),(54,'recognition.modelVersion','v2.1.0','默认模型版本',0,'2026-01-09 04:44:32'),(55,'recognition.maxThreads','16','并发识别线程限制',0,'2026-01-09 04:44:32'),(56,'quota.free_daily_limit','10','免费用户每日识别限额',1,'2026-01-09 04:44:32'),(57,'quota.vip_monthly_limit','50','月卡VIP每日识别限额',1,'2026-01-09 04:44:32'),(58,'quota.vip_yearly_limit','100','年卡VIP每日识别限额',1,'2026-01-09 04:44:32'),(59,'notice.mail_host','smtp.163.com','SMTP服务器地址',0,'2026-01-09 04:44:32'),(60,'notice.mail_port','465','SMTP端口',0,'2026-01-09 04:44:32'),(61,'notice.mail_username','15968588744@163.com','SMTP用户名',0,'2026-01-09 04:44:32'),(62,'notice.mail_password','QSwPWYUaYmh32ggs','SMTP密码/授权码',0,'2026-01-09 04:44:32'),(63,'notice.mail_from','15968588744@163.com','发件人邮箱',0,'2026-01-09 04:44:32'),(64,'notice.mail_from_name','DarkVision-LPR','发件人显示名称',0,'2026-01-09 04:44:32'),(65,'notice.mail_use_ssl','true','使用SSL连接',0,'2026-01-09 04:44:32'),(66,'notice.mail_use_tls','false','使用TLS连接',0,'2026-01-09 04:44:32'),(67,'notice.sms_provider','smsbao','短信服务商',0,'2026-01-09 04:44:32'),(68,'notice.sms_user','auroral','短信宝账号',0,'2026-01-09 04:44:32'),(69,'notice.sms_password','c17534a3ae8744608e450e1113d0f93e','短信宝MD5密码',0,'2026-01-09 04:44:32'),(70,'notice.sms_sign_name','DarkVision-LPR','短信签名',0,'2026-01-09 04:44:32'),(71,'security.login_fail_limit','5','登录失败锁定阈值',0,'2026-01-09 04:44:32'),(72,'security.login_lock_duration','30','锁定持续时间(分钟)',0,'2026-01-09 04:44:32'),(73,'security.api_rate_limit','100','API限频(次/分)',0,'2026-01-09 04:44:32'),(74,'security.enable_ip_whitelist','false','启用IP白名单',0,'2026-01-09 04:44:32'),(75,'ai.provider','openai','AI 提供商',0,'2026-01-09 05:45:20'),(76,'ai.api_key','','AI API Key',0,'2026-01-09 05:45:20'),(77,'ai.api_base','','AI API Base URL',0,'2026-01-09 05:45:20'),(78,'ai.model','gpt-3.5-turbo','AI 模型名称',0,'2026-01-09 05:45:20'),(79,'ai.temperature','0.7','随机性',0,'2026-01-09 05:45:20'),(80,'ai.max_tokens','2000','最大 Token 数',0,'2026-01-09 05:45:20'),(81,'ai.enable_voice','false','启用语音交互',1,'2026-01-09 05:45:20'),(82,'ai.enable_history','true','启用历史记录',1,'2026-01-09 05:45:20');
/*!40000 ALTER TABLE `system_configs` ENABLE KEYS */;
UNLOCK TABLES;

--
-- Table structure for table `system_ip_rules`
--

DROP TABLE IF EXISTS `system_ip_rules`;
/*!40101 SET @saved_cs_client     = @@character_set_client */;
/*!50503 SET character_set_client = utf8mb4 */;
CREATE TABLE `system_ip_rules` (
  `id` bigint NOT NULL AUTO_INCREMENT,
  `ip_address` varchar(45) NOT NULL,
  `type` enum('allow','deny') NOT NULL DEFAULT 'deny',
  `remark` varchar(255) DEFAULT NULL,
  `created_at` datetime NOT NULL DEFAULT CURRENT_TIMESTAMP,
  `updated_at` datetime NOT NULL DEFAULT CURRENT_TIMESTAMP ON UPDATE CURRENT_TIMESTAMP,
  PRIMARY KEY (`id`),
  UNIQUE KEY `uniq_ip` (`ip_address`)
) ENGINE=InnoDB AUTO_INCREMENT=5 DEFAULT CHARSET=utf8mb4 COLLATE=utf8mb4_0900_ai_ci COMMENT='系统IP规则表(黑白名单)';
/*!40101 SET character_set_client = @saved_cs_client */;

--
-- Dumping data for table `system_ip_rules`
--

LOCK TABLES `system_ip_rules` WRITE;
/*!40000 ALTER TABLE `system_ip_rules` DISABLE KEYS */;
/*!40000 ALTER TABLE `system_ip_rules` ENABLE KEYS */;
UNLOCK TABLES;

--
-- Table structure for table `system_logs`
--

DROP TABLE IF EXISTS `system_logs`;
/*!40101 SET @saved_cs_client     = @@character_set_client */;
/*!50503 SET character_set_client = utf8mb4 */;
CREATE TABLE `system_logs` (
  `id` bigint NOT NULL AUTO_INCREMENT,
  `level` enum('info','warning','error','critical') NOT NULL,
  `message` text NOT NULL,
  `context` json DEFAULT NULL,
  `created_at` datetime NOT NULL DEFAULT CURRENT_TIMESTAMP,
  PRIMARY KEY (`id`)
) ENGINE=InnoDB AUTO_INCREMENT=5 DEFAULT CHARSET=utf8mb4 COLLATE=utf8mb4_0900_ai_ci COMMENT='系统日志';
/*!40101 SET character_set_client = @saved_cs_client */;

--
-- Dumping data for table `system_logs`
--

LOCK TABLES `system_logs` WRITE;
/*!40000 ALTER TABLE `system_logs` DISABLE KEYS */;
INSERT INTO `system_logs` VALUES (1,'info','系统启动成功','{\"time\": \"2026-01-05 08:00:00\", \"service\": \"lpr-api\", \"version\": \"v2.1.0\"}','2026-01-05 23:51:43'),(2,'warning','模型加载耗时过长','{\"model\": \"v2.1.0\", \"duration\": \"15.2s\", \"threshold\": \"10s\"}','2026-01-05 23:51:43'),(3,'error','OSS存储连接失败','{\"error\": \"connection timeout\", \"endpoint\": \"oss.example.com\"}','2026-01-05 23:51:43'),(4,'critical','数据库连接池耗尽','{\"used\": 50, \"waiters\": 12, \"pool_size\": 50}','2026-01-05 23:51:43');
/*!40000 ALTER TABLE `system_logs` ENABLE KEYS */;
UNLOCK TABLES;

--
-- Table structure for table `third_party_logins`
--

DROP TABLE IF EXISTS `third_party_logins`;
/*!40101 SET @saved_cs_client     = @@character_set_client */;
/*!50503 SET character_set_client = utf8mb4 */;
CREATE TABLE `third_party_logins` (
  `id` bigint NOT NULL AUTO_INCREMENT,
  `user_id` bigint NOT NULL,
  `provider` enum('wechat','qq','github') NOT NULL,
  `open_id` varchar(255) NOT NULL,
  `union_id` varchar(255) DEFAULT NULL,
  `created_at` datetime NOT NULL DEFAULT CURRENT_TIMESTAMP,
  PRIMARY KEY (`id`),
  UNIQUE KEY `uniq_provider_openid` (`provider`,`open_id`),
  KEY `user_id` (`user_id`),
  CONSTRAINT `third_party_logins_ibfk_1` FOREIGN KEY (`user_id`) REFERENCES `users` (`id`) ON DELETE CASCADE
) ENGINE=InnoDB AUTO_INCREMENT=3 DEFAULT CHARSET=utf8mb4 COLLATE=utf8mb4_0900_ai_ci COMMENT='第三方登录绑定';
/*!40101 SET character_set_client = @saved_cs_client */;

--
-- Dumping data for table `third_party_logins`
--

LOCK TABLES `third_party_logins` WRITE;
/*!40000 ALTER TABLE `third_party_logins` DISABLE KEYS */;
INSERT INTO `third_party_logins` VALUES (1,1,'wechat','wx_openid_123456789','wx_unionid_987654321','2026-01-05 23:51:43'),(2,2,'github','github_123456789',NULL,'2026-01-05 23:51:43');
/*!40000 ALTER TABLE `third_party_logins` ENABLE KEYS */;
UNLOCK TABLES;

--
-- Table structure for table `user_activity_logs`
--

DROP TABLE IF EXISTS `user_activity_logs`;
/*!40101 SET @saved_cs_client     = @@character_set_client */;
/*!50503 SET character_set_client = utf8mb4 */;
CREATE TABLE `user_activity_logs` (
  `id` bigint NOT NULL AUTO_INCREMENT,
  `user_id` bigint NOT NULL,
  `action` enum('login','upload_image','recognition','batch_recognition','export','api_call') NOT NULL,
  `detail` json DEFAULT NULL,
  `ip_address` varchar(45) DEFAULT NULL,
  `created_at` datetime NOT NULL DEFAULT CURRENT_TIMESTAMP,
  PRIMARY KEY (`id`),
  KEY `user_id` (`user_id`),
  CONSTRAINT `user_activity_logs_ibfk_1` FOREIGN KEY (`user_id`) REFERENCES `users` (`id`) ON DELETE CASCADE
) ENGINE=InnoDB AUTO_INCREMENT=6 DEFAULT CHARSET=utf8mb4 COLLATE=utf8mb4_0900_ai_ci COMMENT='用户行为日志';
/*!40101 SET character_set_client = @saved_cs_client */;

--
-- Dumping data for table `user_activity_logs`
--

LOCK TABLES `user_activity_logs` WRITE;
/*!40000 ALTER TABLE `user_activity_logs` DISABLE KEYS */;
INSERT INTO `user_activity_logs` VALUES (1,1,'login','{\"device\": \"windows\", \"browser\": \"chrome\"}','192.168.1.100','2026-01-05 23:51:43'),(2,1,'upload_image','{\"file_size\": \"1.2MB\", \"file_type\": \"jpg\"}','192.168.1.100','2026-01-05 23:51:43'),(3,1,'recognition','{\"plate\": \"京A12345\", \"confidence\": 0.9985}','192.168.1.100','2026-01-05 23:51:43'),(4,2,'batch_recognition','{\"failed\": 1, \"success\": 9, \"total_items\": 10}','192.168.1.101','2026-01-05 23:51:43'),(5,3,'api_call','{\"endpoint\": \"/lpr/recognize\", \"api_version\": \"v1\", \"response_time\": \"0.8s\"}','192.168.1.102','2026-01-05 23:51:43');
/*!40000 ALTER TABLE `user_activity_logs` ENABLE KEYS */;
UNLOCK TABLES;

--
-- Table structure for table `user_memberships`
--

DROP TABLE IF EXISTS `user_memberships`;
/*!40101 SET @saved_cs_client     = @@character_set_client */;
/*!50503 SET character_set_client = utf8mb4 */;
CREATE TABLE `user_memberships` (
  `id` bigint NOT NULL AUTO_INCREMENT,
  `user_id` bigint NOT NULL,
  `package_id` bigint NOT NULL,
  `start_date` datetime NOT NULL,
  `expire_date` datetime DEFAULT NULL COMMENT '永久会员为NULL',
  `is_active` tinyint(1) NOT NULL DEFAULT '1',
  `created_at` datetime NOT NULL DEFAULT CURRENT_TIMESTAMP,
  `updated_at` datetime NOT NULL DEFAULT CURRENT_TIMESTAMP ON UPDATE CURRENT_TIMESTAMP,
  PRIMARY KEY (`id`),
  UNIQUE KEY `uniq_user_active` (`user_id`,`is_active`),
  KEY `idx_package_id` (`package_id`),
  CONSTRAINT `fk_user_memberships_package` FOREIGN KEY (`package_id`) REFERENCES `packages` (`id`) ON DELETE RESTRICT ON UPDATE CASCADE,
  CONSTRAINT `user_memberships_ibfk_1` FOREIGN KEY (`user_id`) REFERENCES `users` (`id`) ON DELETE CASCADE
) ENGINE=InnoDB AUTO_INCREMENT=8 DEFAULT CHARSET=utf8mb4 COLLATE=utf8mb4_0900_ai_ci COMMENT='会员状态';
/*!40101 SET character_set_client = @saved_cs_client */;

--
-- Dumping data for table `user_memberships`
--

LOCK TABLES `user_memberships` WRITE;
/*!40000 ALTER TABLE `user_memberships` DISABLE KEYS */;
INSERT INTO `user_memberships` VALUES (1,1,1,'2026-01-01 00:00:00',NULL,1,'2026-01-05 23:50:11','2026-01-08 23:53:33'),(2,2,2,'2026-01-01 00:00:00','2026-02-01 00:00:00',1,'2026-01-05 23:50:11','2026-01-08 23:53:33'),(3,3,4,'2026-01-01 00:00:00','2027-01-01 00:00:00',1,'2026-01-05 23:50:11','2026-01-08 23:53:33'),(5,7,2,'2026-01-06 01:44:38',NULL,1,'2026-01-06 01:44:38','2026-01-09 00:24:59'),(6,8,1,'2026-01-06 02:50:59',NULL,1,'2026-01-06 02:50:59','2026-01-08 23:53:33'),(7,9,1,'2026-01-07 22:48:05',NULL,1,'2026-01-07 22:48:05','2026-01-08 23:53:33');
/*!40000 ALTER TABLE `user_memberships` ENABLE KEYS */;
UNLOCK TABLES;

--
-- Table structure for table `user_profiles`
--

DROP TABLE IF EXISTS `user_profiles`;
/*!40101 SET @saved_cs_client     = @@character_set_client */;
/*!50503 SET character_set_client = utf8mb4 */;
CREATE TABLE `user_profiles` (
  `user_id` bigint NOT NULL,
  `real_name` varchar(50) DEFAULT NULL COMMENT '实名姓名（加密存储）',
  `id_card_number` varchar(18) DEFAULT NULL COMMENT '身份证号（加密存储）',
  `gender` enum('male','female','unknown') DEFAULT NULL,
  `birthday` date DEFAULT NULL,
  `address` text,
  `created_at` datetime NOT NULL DEFAULT CURRENT_TIMESTAMP,
  `updated_at` datetime NOT NULL DEFAULT CURRENT_TIMESTAMP ON UPDATE CURRENT_TIMESTAMP,
  PRIMARY KEY (`user_id`),
  CONSTRAINT `user_profiles_ibfk_1` FOREIGN KEY (`user_id`) REFERENCES `users` (`id`) ON DELETE CASCADE
) ENGINE=InnoDB DEFAULT CHARSET=utf8mb4 COLLATE=utf8mb4_0900_ai_ci COMMENT='用户扩展信息';
/*!40101 SET character_set_client = @saved_cs_client */;

--
-- Dumping data for table `user_profiles`
--

LOCK TABLES `user_profiles` WRITE;
/*!40000 ALTER TABLE `user_profiles` DISABLE KEYS */;
INSERT INTO `user_profiles` VALUES (1,'张三','110101199001011234','male','1990-01-01','北京市朝阳区某某街道1号','2026-01-05 23:50:11','2026-01-05 23:50:11'),(2,'李四','110101199002021234','female','1990-02-02','上海市浦东新区某某街道2号','2026-01-05 23:50:11','2026-01-05 23:50:11'),(3,'王五','110101199003031234','male','1990-03-03','广州市天河区某某街道3号','2026-01-05 23:50:11','2026-01-05 23:50:11'),(7,'俞云烽','330683200408101611','unknown','2004-08-10','江苏省/南京市/浦口区/浦口区雨山西路86号南京审计大学','2026-01-06 01:44:38','2026-01-08 17:32:21'),(8,NULL,NULL,NULL,NULL,NULL,'2026-01-06 02:50:59','2026-01-06 02:50:58'),(9,NULL,NULL,NULL,NULL,NULL,'2026-01-07 22:48:05','2026-01-07 22:48:04');
/*!40000 ALTER TABLE `user_profiles` ENABLE KEYS */;
UNLOCK TABLES;

--
-- Table structure for table `users`
--

DROP TABLE IF EXISTS `users`;
/*!40101 SET @saved_cs_client     = @@character_set_client */;
/*!50503 SET character_set_client = utf8mb4 */;
CREATE TABLE `users` (
  `id` bigint NOT NULL AUTO_INCREMENT,
  `phone` varchar(11) DEFAULT NULL,
  `nickname` varchar(50) NOT NULL COMMENT '昵称（全局唯一）',
  `email` varchar(100) DEFAULT NULL COMMENT '邮箱（可选）',
  `password_hash` varchar(255) NOT NULL COMMENT '密码哈希（bcrypt）',
  `avatar_url` varchar(255) DEFAULT NULL COMMENT '头像OSS路径',
  `user_type` enum('free','vip','enterprise','admin') NOT NULL DEFAULT 'free' COMMENT '用户类型',
  `parent_id` bigint DEFAULT NULL COMMENT '企业子账户所属主账户ID（仅子账户填写）',
  `status` enum('active','inactive','banned') NOT NULL DEFAULT 'active',
  `banned_reason` text,
  `banned_until` datetime DEFAULT NULL,
  `last_login_at` datetime DEFAULT NULL,
  `last_login_ip` varchar(45) DEFAULT NULL,
  `created_at` datetime NOT NULL DEFAULT CURRENT_TIMESTAMP,
  `updated_at` datetime NOT NULL DEFAULT CURRENT_TIMESTAMP ON UPDATE CURRENT_TIMESTAMP,
  `deleted_at` datetime DEFAULT NULL COMMENT '软删除',
  PRIMARY KEY (`id`),
  UNIQUE KEY `nickname` (`nickname`),
  UNIQUE KEY `phone` (`phone`),
  UNIQUE KEY `email` (`email`),
  KEY `idx_phone` (`phone`),
  KEY `idx_nickname` (`nickname`),
  KEY `idx_parent` (`parent_id`),
  KEY `idx_status` (`status`),
  CONSTRAINT `users_ibfk_1` FOREIGN KEY (`parent_id`) REFERENCES `users` (`id`) ON DELETE SET NULL
) ENGINE=InnoDB AUTO_INCREMENT=10 DEFAULT CHARSET=utf8mb4 COLLATE=utf8mb4_0900_ai_ci COMMENT='主用户表';
/*!40101 SET character_set_client = @saved_cs_client */;

--
-- Dumping data for table `users`
--

LOCK TABLES `users` WRITE;
/*!40000 ALTER TABLE `users` DISABLE KEYS */;
INSERT INTO `users` VALUES (1,'13800138000','普通用户001','user001@example.com','$2a$10$92IXUNpkjO0rOQ5byMi.Ye4oKoEa3Ro9llC/.og/at2.uheWG/igi','https://oss.example.com/avatars/user001.jpg','free',NULL,'active',NULL,NULL,NULL,NULL,'2026-01-05 23:50:11','2026-01-05 23:50:11',NULL),(2,'13800138001','VIP用户001','vip001@example.com','$2a$10$92IXUNpkjO0rOQ5byMi.Ye4oKoEa3Ro9llC/.og/at2.uheWG/igi','https://oss.example.com/avatars/vip001.jpg','vip',NULL,'active',NULL,NULL,NULL,NULL,'2026-01-05 23:50:11','2026-01-05 23:50:11',NULL),(3,'13800138002','企业用户001','enterprise001@example.com','$2a$10$92IXUNpkjO0rOQ5byMi.Ye4oKoEa3Ro9llC/.og/at2.uheWG/igi','https://oss.example.com/avatars/enterprise001.jpg','enterprise',NULL,'active',NULL,NULL,NULL,NULL,'2026-01-05 23:50:11','2026-01-05 23:50:11',NULL),(4,'13800138003','企业子账户001','sub001@example.com','$2a$10$92IXUNpkjO0rOQ5byMi.Ye4oKoEa3Ro9llC/.og/at2.uheWG/igi','https://oss.example.com/avatars/sub001.jpg','enterprise',3,'active',NULL,NULL,NULL,NULL,'2026-01-05 23:50:11','2026-01-05 23:50:11',NULL),(5,'13800138999','系统管理员','admin@darkvision.com','$2b$10$wsE1MI3mJ8NTBlUiMIQm8u6HC0kpP7fDKsMmMmVHtVTTFK0dwjvUm','https://oss.example.com/avatars/admin.jpg','admin',NULL,'active',NULL,NULL,'2026-01-09 04:06:17','127.0.0.1','2026-01-05 23:50:11','2026-01-09 04:06:17',NULL),(7,NULL,'auroral','15968588744@163.com','$2b$12$T52eShAA6muF.wY6QY8uDeKLxa6Qus90SVN10pztx0kbMhj0zREWq','https://lucky-yyf.oss-cn-beijing.aliyuncs.com/lpr/upload/942db4f1-81b4-4d30-bda7-814547e874ea.jpg','vip',NULL,'active',NULL,NULL,'2026-01-08 17:36:03','127.0.0.1','2026-01-06 01:44:38','2026-01-08 17:36:02',NULL),(8,NULL,'aaa','1957689514@qq.com','$2b$12$PrqqEEJuCFAVf/3XFF8lF.jxpYo5Hjd8fQqc55MAXSSb6C7TUcqea',NULL,'vip',NULL,'active',NULL,NULL,'2026-01-07 22:42:35','127.0.0.1','2026-01-06 02:50:59','2026-01-07 22:42:35',NULL),(9,'15968588744','aaaaa',NULL,'$2b$12$32uulGkcc1unkZGU2ctkAe6ot7AnPUUK5iq91lW5UcRRBDKc7LyLu',NULL,'vip',NULL,'active',NULL,NULL,'2026-01-07 22:48:15','127.0.0.1','2026-01-07 22:48:05','2026-01-08 16:19:31',NULL);
/*!40000 ALTER TABLE `users` ENABLE KEYS */;
UNLOCK TABLES;

--
-- Table structure for table `video_recognition_frames`
--

DROP TABLE IF EXISTS `video_recognition_frames`;
/*!40101 SET @saved_cs_client     = @@character_set_client */;
/*!50503 SET character_set_client = utf8mb4 */;
CREATE TABLE `video_recognition_frames` (
  `id` bigint NOT NULL AUTO_INCREMENT,
  `task_id` bigint NOT NULL,
  `result_id` bigint DEFAULT NULL,
  `frame_timestamp` decimal(10,3) NOT NULL COMMENT '视频时间戳（秒）',
  `frame_index` int NOT NULL,
  PRIMARY KEY (`id`),
  KEY `task_id` (`task_id`),
  KEY `result_id` (`result_id`),
  CONSTRAINT `video_recognition_frames_ibfk_1` FOREIGN KEY (`task_id`) REFERENCES `recognition_tasks` (`id`) ON DELETE CASCADE,
  CONSTRAINT `video_recognition_frames_ibfk_2` FOREIGN KEY (`result_id`) REFERENCES `recognition_results` (`id`) ON DELETE SET NULL
) ENGINE=InnoDB AUTO_INCREMENT=4 DEFAULT CHARSET=utf8mb4 COLLATE=utf8mb4_0900_ai_ci COMMENT='视频识别帧';
/*!40101 SET character_set_client = @saved_cs_client */;

--
-- Dumping data for table `video_recognition_frames`
--

LOCK TABLES `video_recognition_frames` WRITE;
/*!40000 ALTER TABLE `video_recognition_frames` DISABLE KEYS */;
INSERT INTO `video_recognition_frames` VALUES (1,3,NULL,10.500,315),(2,3,NULL,20.750,622),(3,3,NULL,30.200,906);
/*!40000 ALTER TABLE `video_recognition_frames` ENABLE KEYS */;
UNLOCK TABLES;

--
-- Table structure for table `visit_statistics`
--

DROP TABLE IF EXISTS `visit_statistics`;
/*!40101 SET @saved_cs_client     = @@character_set_client */;
/*!50503 SET character_set_client = utf8mb4 */;
CREATE TABLE `visit_statistics` (
  `stat_date` date NOT NULL COMMENT '统计日期',
  `page_type` varchar(7) CHARACTER SET utf8mb4 COLLATE utf8mb4_unicode_ci NOT NULL COMMENT '页面类型',
  `pv` int DEFAULT NULL COMMENT '页面浏览量',
  `uv` int DEFAULT NULL COMMENT '独立访客数（基于IP）',
  `login_uv` int DEFAULT NULL COMMENT '登录用户数（基于user_id）',
  `created_at` datetime DEFAULT CURRENT_TIMESTAMP COMMENT '创建时间',
  `updated_at` datetime DEFAULT CURRENT_TIMESTAMP COMMENT '更新时间',
  PRIMARY KEY (`stat_date`,`page_type`),
  KEY `ix_visit_statistics_stat_date` (`stat_date`)
) ENGINE=InnoDB DEFAULT CHARSET=utf8mb4 COLLATE=utf8mb4_unicode_ci;
/*!40101 SET character_set_client = @saved_cs_client */;

--
-- Dumping data for table `visit_statistics`
--

LOCK TABLES `visit_statistics` WRITE;
/*!40000 ALTER TABLE `visit_statistics` DISABLE KEYS */;
INSERT INTO `visit_statistics` VALUES ('2026-01-05','about',2,2,1,'2026-01-06 00:05:00','2026-01-06 00:05:00'),('2026-01-05','contact',3,2,1,'2026-01-06 00:05:00','2026-01-06 00:05:00'),('2026-01-05','docs',3,2,2,'2026-01-06 00:05:00','2026-01-06 00:05:00'),('2026-01-05','feature',3,3,1,'2026-01-06 00:05:00','2026-01-06 00:05:00'),('2026-01-05','landing',6,5,3,'2026-01-06 00:05:00','2026-01-06 00:05:00'),('2026-01-05','other',2,2,1,'2026-01-06 00:05:00','2026-01-06 00:05:00'),('2026-01-05','pricing',5,4,3,'2026-01-06 00:05:00','2026-01-06 00:05:00'),('2026-01-06','about',0,0,0,'2026-01-07 00:05:00','2026-01-07 00:05:00'),('2026-01-06','contact',0,0,0,'2026-01-07 00:05:00','2026-01-07 00:05:00'),('2026-01-06','docs',0,0,0,'2026-01-07 00:05:00','2026-01-07 00:05:00'),('2026-01-06','feature',2,2,1,'2026-01-07 00:05:00','2026-01-07 00:05:00'),('2026-01-06','landing',5,4,2,'2026-01-07 00:05:00','2026-01-07 00:05:00'),('2026-01-06','other',0,0,0,'2026-01-07 00:05:00','2026-01-07 00:05:00'),('2026-01-06','pricing',2,2,1,'2026-01-07 00:05:00','2026-01-07 00:05:00'),('2026-01-07','about',0,0,0,'2026-01-08 00:05:00','2026-01-08 00:05:00'),('2026-01-07','admin',39,1,1,'2026-01-07 22:25:17','2026-01-08 01:00:00'),('2026-01-07','contact',1,1,0,'2026-01-08 00:05:00','2026-01-08 00:05:00'),('2026-01-07','docs',1,1,1,'2026-01-08 00:05:00','2026-01-08 00:05:00'),('2026-01-07','feature',0,0,0,'2026-01-08 00:05:00','2026-01-08 00:05:00'),('2026-01-07','landing',4,4,2,'2026-01-08 00:05:00','2026-01-08 00:05:00'),('2026-01-07','other',0,0,0,'2026-01-08 00:05:00','2026-01-08 00:05:00'),('2026-01-07','pricing',2,2,1,'2026-01-08 00:05:00','2026-01-08 00:05:00'),('2026-01-07','user',54,1,3,'2026-01-07 22:31:16','2026-01-08 01:00:00'),('2026-01-07','website',21,1,0,'2026-01-07 22:25:21','2026-01-08 01:00:00'),('2026-01-08','admin',263,1,1,'2026-01-08 00:04:41','2026-01-09 01:00:00'),('2026-01-08','user',117,1,1,'2026-01-08 00:55:51','2026-01-09 01:00:00'),('2026-01-08','website',8,1,0,'2026-01-08 01:12:55','2026-01-08 23:17:00'),('2026-01-09','admin',275,1,1,'2026-01-09 00:17:28','2026-01-09 14:27:29'),('2026-01-09','user',10,1,1,'2026-01-09 00:14:37','2026-01-09 02:57:10'),('2026-01-09','website',9,1,0,'2026-01-09 00:02:34','2026-01-09 05:51:01');
/*!40000 ALTER TABLE `visit_statistics` ENABLE KEYS */;
UNLOCK TABLES;
/*!40103 SET TIME_ZONE=@OLD_TIME_ZONE */;

/*!40101 SET SQL_MODE=@OLD_SQL_MODE */;
/*!40014 SET FOREIGN_KEY_CHECKS=@OLD_FOREIGN_KEY_CHECKS */;
/*!40014 SET UNIQUE_CHECKS=@OLD_UNIQUE_CHECKS */;
/*!40101 SET CHARACTER_SET_CLIENT=@OLD_CHARACTER_SET_CLIENT */;
/*!40101 SET CHARACTER_SET_RESULTS=@OLD_CHARACTER_SET_RESULTS */;
/*!40101 SET COLLATION_CONNECTION=@OLD_COLLATION_CONNECTION */;
/*!40111 SET SQL_NOTES=@OLD_SQL_NOTES */;

-- Dump completed on 2026-01-09 14:27:56
